Data,total_tourist_transactions
2021-01-01,3940.8906690484855
2021-01-02,10316.487175493534
2021-01-03,6997.80692167578
2021-01-04,9629.410016432412
2021-01-05,10168.851943910335
2021-01-06,5752.281129493719
2021-01-07,8772.170378705576
2021-01-08,9647.859023262683
2021-01-09,6581.18834606402
2021-01-10,4976.0708572984395
2021-01-11,9322.285275506038
2021-01-12,8628.994614406456
2021-01-13,8863.308121783122
2021-01-14,9128.545533940585
2021-01-15,10333.471312212423
2021-01-16,9776.046443288298
2021-01-17,7113.501888241694
2021-01-18,9386.559908324678
2021-01-19,9559.918739563902
2021-01-20,9292.975111674366
2021-01-21,9964.089257494432
2021-01-22,10269.726646653704
2021-01-23,10185.968064980601
2021-01-24,7514.155416945124
2021-01-25,9438.460196614684
2021-01-26,9671.643724891423
2021-01-27,10036.501314936238
2021-01-28,10253.782310004297
2021-01-29,12099.026118178477
2021-01-30,11064.26471717034
2021-01-31,7549.229391891892
2021-02-01,10467.383586833288
2021-02-02,10236.697876854083
2021-02-03,10288.673769579402
2021-02-04,9817.066763871635
2021-02-05,11986.883837312444
2021-02-06,10740.416157917392
2021-02-07,6981.812566404097
2021-02-08,9528.943471456036
2021-02-09,10147.614833506052
2021-02-10,10358.890118581503
2021-02-11,11121.304267951746
2021-02-12,11843.992443605923
2021-02-13,11893.646027082928
2021-02-14,6902.309373311088
2021-02-15,10625.329337347252
2021-02-16,10559.87667450602
2021-02-17,11089.530227535064
2021-02-18,11073.25469893522
2021-02-19,12888.168828687696
2021-02-20,12082.867885083082
2021-02-21,7746.184615384613
2021-02-22,9786.983164386715
2021-02-23,11126.183793345135
2021-02-24,11387.343442718748
2021-02-25,11898.301800219318
2021-02-26,13504.133796429327
2021-02-27,13044.079765496186
2021-02-28,9066.348093480941
2021-03-01,11599.646915191433
2021-03-02,11391.365313653125
2021-03-03,11618.578118860894
2021-03-04,11599.985952590005
2021-03-05,13656.585776412296
2021-03-06,12511.789792300195
2021-03-07,8333.192558180892
2021-03-08,11901.120119908102
2021-03-09,11862.921503805637
2021-03-10,12173.674234547081
2021-03-11,12664.260700854282
2021-03-12,14397.687898923386
2021-03-13,14462.567390827784
2021-03-14,9516.385712979049
2021-03-15,13366.762678167253
2021-03-16,12814.113956194053
2021-03-17,13220.23801457056
2021-03-18,13019.06164510771
2021-03-19,14046.466973483946
2021-03-20,15438.046246482672
2021-03-21,10036.169162688739
2021-03-22,12215.572698016245
2021-03-23,12529.737185849533
2021-03-24,13229.399395306818
2021-03-25,13965.72760979227
2021-03-26,15462.870229207021
2021-03-27,15343.949079289849
2021-03-28,9796.63415863204
2021-03-29,13625.899284213176
2021-03-30,13378.50051958272
2021-03-31,13515.67236215969
2021-04-01,14383.906019363629
2021-04-02,12042.366764772467
2021-04-03,17842.637947888223
2021-04-04,11581.581989780436
2021-04-05,12003.190654939213
2021-04-06,15111.17817409726
2021-04-07,14290.995320686348
2021-04-08,15038.986662655434
2021-04-09,14875.21385440317
2021-04-10,14851.652440764366
2021-04-11,10009.876674207699
2021-04-12,14013.481065445212
2021-04-13,13621.935692122923
2021-04-14,14041.396318651181
2021-04-15,14210.146809001904
2021-04-16,15826.132920664035
2021-04-17,16489.92219548323
2021-04-18,11947.912906222664
2021-04-19,14102.908408680385
2021-04-20,13798.45540083375
2021-04-21,13782.602867153832
2021-04-22,14864.486430723766
2021-04-23,19291.624802773335
2021-04-24,18004.7536957758
2021-04-25,11673.854851779952
2021-04-26,13611.345014565168
2021-04-27,14479.042694270147
2021-04-28,14605.70802512349
2021-04-29,14902.07638804605
2021-04-30,17421.558932104785
2021-05-01,14085.744811907658
2021-05-02,12278.942346823425
2021-05-03,16222.846972943084
2021-05-04,15381.720825819733
2021-05-05,15058.782478503703
2021-05-06,15912.648313440359
2021-05-07,18167.98106615801
2021-05-08,20009.501175579644
2021-05-09,14331.169776441728
2021-05-10,17617.2596315862
2021-05-11,17636.008468941225
2021-05-12,19014.24694258771
2021-05-13,24270.245505285628
2021-05-14,28547.956499638014
2021-05-15,28780.006283567625
2021-05-16,18362.959420188385
2021-05-17,18991.595932684842
2021-05-18,17944.20915491655
2021-05-19,18657.876302172204
2021-05-20,19983.71660754313
2021-05-21,24001.12361741821
2021-05-22,27232.653696516518
2021-05-23,19777.95641300468
2021-05-24,19527.663182183616
2021-05-25,20513.09364922673
2021-05-26,20220.342591980232
2021-05-27,20708.302743803615
2021-05-28,24973.321627606576
2021-05-29,25726.917939613468
2021-05-30,18218.329470252127
2021-05-31,19904.789939491286
2021-06-01,18432.748435996138
2021-06-02,20501.59498562258
2021-06-03,22250.991136721557
2021-06-04,25857.800841162327
2021-06-05,28174.761042508864
2021-06-06,20513.25155583395
2021-06-07,22375.00725812014
2021-06-08,21983.884773662558
2021-06-09,22409.9093392863
2021-06-10,24537.307347939553
2021-06-11,27959.46225057022
2021-06-12,30325.89270245678
2021-06-13,23306.573827096145
2021-06-14,25260.926182923056
2021-06-15,24290.146877097064
2021-06-16,24857.694849123945
2021-06-17,25847.45874132796
2021-06-18,29669.189284871354
2021-06-19,31840.731597320828
2021-06-20,25025.186664687735
2021-06-21,27053.120712147014
2021-06-22,26255.071690264413
2021-06-23,28265.067695562466
2021-06-24,23980.119733758365
2021-06-25,32718.60404852848
2021-06-26,34499.565563394826
2021-06-27,29347.496895621298
2021-06-28,31605.37337135372
2021-06-29,29728.602253621906
2021-06-30,30010.20304106486
2021-07-01,31798.787708094842
2021-07-02,36813.643433925135
2021-07-03,38455.53416611519
2021-07-04,32204.279406994418
2021-07-05,35239.941570716604
2021-07-06,33610.89802205062
2021-07-07,35674.41162636044
2021-07-08,36772.203706768814
2021-07-09,41549.54495024153
2021-07-10,42547.01957584947
2021-07-11,33972.06955659438
2021-07-12,38785.51915093926
2021-07-13,37071.27709659945
2021-07-14,38632.710888809284
2021-07-15,40348.3359758959
2021-07-16,43294.36249533373
2021-07-17,43614.88439810371
2021-07-18,35571.3048315917
2021-07-19,41761.19773623371
2021-07-20,39388.516794312236
2021-07-21,40145.284573069985
2021-07-22,41397.64961308756
2021-07-23,44221.292546351135
2021-07-24,44555.028934838345
2021-07-25,35916.88359060229
2021-07-26,42465.15839952759
2021-07-27,39742.47937418506
2021-07-28,39946.221507777576
2021-07-29,41839.101556919275
2021-07-30,44364.59866595876
2021-07-31,42932.53045695886
2021-08-01,37164.14728063174
2021-08-02,43863.20179372182
2021-08-03,43073.305909562165
2021-08-04,46101.45426213133
2021-08-05,46495.53134917422
2021-08-06,49860.27114579882
2021-08-07,50564.1157100536
2021-08-08,42578.33685921422
2021-08-09,49939.84075589475
2021-08-10,49013.831293427975
2021-08-11,48676.18168814171
2021-08-12,49444.211671983394
2021-08-13,52615.52859102888
2021-08-14,53736.54140774727
2021-08-15,44929.09670139187
2021-08-16,51102.9176118743
2021-08-17,49600.68767370374
2021-08-18,49077.58326261468
2021-08-19,52146.88622877255
2021-08-20,51718.49486681085
2021-08-21,52118.817616660184
2021-08-22,41828.01505152779
2021-08-23,46716.095288664736
2021-08-24,44707.10089748603
2021-08-25,43988.15522549954
2021-08-26,44118.284218090055
2021-08-27,47826.27554681161
2021-08-28,47633.6592753655
2021-08-29,37778.42843187184
2021-08-30,38553.03577276987
2021-08-31,35462.47770115972
2021-09-01,35856.265902510604
2021-09-02,38422.92531734278
2021-09-03,42686.71763812823
2021-09-04,46246.62337314996
2021-09-05,37121.599065461996
2021-09-06,40445.71516888893
2021-09-07,39216.32624479816
2021-09-08,39517.48884300371
2021-09-09,42097.09936332174
2021-09-10,46683.05394815493
2021-09-11,44009.42833810647
2021-09-12,39243.57269751043
2021-09-13,41528.13858053251
2021-09-14,40170.54362379018
2021-09-15,40331.52032106914
2021-09-16,43422.22692682103
2021-09-17,46701.503341445765
2021-09-18,47431.763116938324
2021-09-19,39356.66372438518
2021-09-20,40227.0839929736
2021-09-21,39208.46901393254
2021-09-22,39079.20745354845
2021-09-23,42573.746656014875
2021-09-24,43610.280185375996
2021-09-25,54162.72585180876
2021-09-26,42116.94562549683
2021-09-27,43332.44286647283
2021-09-28,39093.809370672054
2021-09-29,38140.39583010148
2021-09-30,41734.242300492195
2021-10-01,48147.0377066737
2021-10-02,52182.06145017495
2021-10-03,41609.18107383125
2021-10-04,39761.25507653408
2021-10-05,37977.19571051646
2021-10-06,37927.276444209965
2021-10-07,40695.88182728209
2021-10-08,46485.563271038736
2021-10-09,51263.473014577634
2021-10-10,41022.5833110823
2021-10-11,43091.418102241725
2021-10-12,33004.86632073133
2021-10-13,39398.53525845384
2021-10-14,40921.81513642998
2021-10-15,47102.884375725895
2021-10-16,53238.838789858666
2021-10-17,42989.18856836614
2021-10-18,44749.48601651414
2021-10-19,42843.53262060119
2021-10-20,43318.192225876584
2021-10-21,45933.0626221697
2021-10-22,50782.18580837843
2021-10-23,56383.73438407288
2021-10-24,47634.34110627437
2021-10-25,47420.42288566876
2021-10-26,44398.617762538444
2021-10-27,43886.575349373714
2021-10-28,47569.5682537925
2021-10-29,52549.26946900881
2021-10-30,58554.39690256478
2021-10-31,53661.30155135873
2021-11-01,45020.04834205142
2021-11-02,45053.8095122098
2021-11-03,43016.21947308283
2021-11-04,44551.60598267443
2021-11-05,49757.99983533162
2021-11-06,54653.51503261566
2021-11-07,41242.01731999669
2021-11-08,40582.78542116672
2021-11-09,36406.22703116331
2021-11-10,35975.30754315155
2021-11-11,44456.0483059574
2021-11-12,51195.522382880066
2021-11-13,57461.05413663667
2021-11-14,41194.30122342896
2021-11-15,38341.86392180633
2021-11-16,34650.35805911881
2021-11-17,35435.51215973155
2021-11-18,38663.984205265166
2021-11-19,45241.79828293749
2021-11-20,51576.63316454213
2021-11-21,39710.13631345898
2021-11-22,36872.61114699455
2021-11-23,32517.23835089053
2021-11-24,34318.90331853245
2021-11-25,36211.797518005274
2021-11-26,45843.429641955125
2021-11-27,50758.02536464087
2021-11-28,39223.92693458064
2021-11-29,35347.74985642269
2021-11-30,31246.30848506921
2021-12-01,30534.961935745367
2021-12-02,31687.49786053991
2021-12-03,36885.82540442111
2021-12-04,43833.88045919044
2021-12-05,36516.4120182831
2021-12-06,30891.39620433533
2021-12-07,31064.118241528795
2021-12-08,25386.818198852987
2021-12-09,29277.28841507869
2021-12-10,34569.77166855579
2021-12-11,40209.93594073429
2021-12-12,30554.575094506126
2021-12-13,29148.11545310421
2021-12-14,27831.218373361477
2021-12-15,29809.82850538691
2021-12-16,31512.063614390194
2021-12-17,36340.565322987175
2021-12-18,40762.47944207477
2021-12-19,32669.12256054732
2021-12-20,34126.047931835164
2021-12-21,33083.62451575909
2021-12-22,31780.808420753325
2021-12-23,34104.109531931004
2021-12-24,32158.18524133051
2021-12-25,18267.367322033868
2021-12-26,24540.154869775375
2021-12-27,37677.60059333849
2021-12-28,40444.64002347038
2021-12-29,43220.39705458825
2021-12-30,47664.083628463784
2021-12-31,50232.9838071274
2022-01-01,32286.931054536115
2022-01-02,36191.99255460258
2022-01-03,38165.04384919885
2022-01-04,34971.89255731925
2022-01-05,33409.40659369411
2022-01-06,24160.59636648086
2022-01-07,34862.33919151734
2022-01-08,33400.75598340911
2022-01-09,25370.304382779563
2022-01-10,26698.901072441884
2022-01-11,26616.03652913025
2022-01-12,26436.407011447594
2022-01-13,27751.679786823377
2022-01-14,31361.289879702264
2022-01-15,34131.16241248432
2022-01-16,25182.019230769183
2022-01-17,27994.84631758375
2022-01-18,26464.403899931982
2022-01-19,26808.68939129557
2022-01-20,28596.405716810845
2022-01-21,32357.654990076233
2022-01-22,36243.77284724701
2022-01-23,26946.735701997077
2022-01-24,28828.213633296215
2022-01-25,27269.593473509565
2022-01-26,28717.30732341839
2022-01-27,30811.389052650124
2022-01-28,35660.02248651502
2022-01-29,39724.89923678872
2022-01-30,30015.050411150107
2022-01-31,30935.0288773919
2022-02-01,29809.08014457454
2022-02-02,30799.303689936878
2022-02-03,32280.691884368247
2022-02-04,37933.26330732214
2022-02-05,43183.00282698764
2022-02-06,34878.244300048405
2022-02-07,35858.460218260276
2022-02-08,32805.15909917734
2022-02-09,34270.28303588908
2022-02-10,36259.57758131901
2022-02-11,42993.58852816062
2022-02-12,48444.60220851328
2022-02-13,39002.114185562314
2022-02-14,41453.63641450946
2022-02-15,39237.70587007685
2022-02-16,38941.11759094303
2022-02-17,43118.9295181327
2022-02-18,48778.62687180693
2022-02-19,52229.03165070306
2022-02-20,43640.435673624335
2022-02-21,43391.329208670526
2022-02-22,41856.617567089714
2022-02-23,42351.54351682721
2022-02-24,44463.00014738962
2022-02-25,49459.00964275449
2022-02-26,56163.95094599599
2022-02-27,47911.757827509304
2022-02-28,46805.21325687349
2022-03-01,44311.5970491423
2022-03-02,44978.90005832328
2022-03-03,49332.07453292102
2022-03-04,55706.27329559944
2022-03-05,63274.6048699232
2022-03-06,44903.640865291134
2022-03-07,42357.67872586307
2022-03-08,39420.62729842498
2022-03-09,40843.49198082412
2022-03-10,44896.973523205175
2022-03-11,51459.731123673904
2022-03-12,57575.203216565584
2022-03-13,48200.82632913734
2022-03-14,44798.138463296906
2022-03-15,40271.444831928144
2022-03-16,41501.97844684071
2022-03-17,45490.31873423547
2022-03-18,51769.464964342034
2022-03-19,57825.79407266721
2022-03-20,46862.007199878535
2022-03-21,45807.564062555386
2022-03-22,43794.44348491345
2022-03-23,44155.483665966065
2022-03-24,47617.39015079136
2022-03-25,56684.78864214961
2022-03-26,62517.773781474236
2022-03-27,51146.9329636893
2022-03-28,50698.16373839505
2022-03-29,46973.46279660004
2022-03-30,46276.38922787492
2022-03-31,51673.040230023245
2022-04-01,60323.37123744815
2022-04-02,68549.46662321141
2022-04-03,54371.67237379248
2022-04-04,54663.697785976736
2022-04-05,51014.69270614113
2022-04-06,51995.1061671597
2022-04-07,56145.873066277105
2022-04-08,61731.02461717524
2022-04-09,66585.1871401593
2022-04-10,56696.1266002217
2022-04-11,58433.11031303692
2022-04-12,53671.38369691966
2022-04-13,52395.8961327496
2022-04-14,63867.38045519727
2022-04-15,63679.173901321075
2022-04-16,78152.1776458586
2022-04-17,63756.0359633828
2022-04-18,57204.65469197702
2022-04-19,58272.25570712956
2022-04-20,54458.557600026164
2022-04-21,55804.369745369295
2022-04-22,70908.4216249946
2022-04-23,73539.87604625332
2022-04-24,64816.92521752568
2022-04-25,64602.84593113672
2022-04-26,60193.702752807876
2022-04-27,61087.138973063295
2022-04-28,65925.61296582971
2022-04-29,73353.35062375251
2022-04-30,77024.47220535792
2022-05-01,67334.43318375517
2022-05-02,63252.645496289086
2022-05-03,58741.46305973752
2022-05-04,57653.56145068876
2022-05-05,64030.45628372185
2022-05-06,76177.99007629753
2022-05-07,81526.1168436163
2022-05-08,66404.21512675713
2022-05-09,63821.34724049055
2022-05-10,61334.83260449615
2022-05-11,64024.56870193061
2022-05-12,67793.03354299016
2022-05-13,76674.8213790017
2022-05-14,83121.23840139234
2022-05-15,67459.20155410454
2022-05-16,63095.903664059384
2022-05-17,59351.19841126909
2022-05-18,61862.17442610348
2022-05-19,67956.02905340618
2022-05-20,76934.25090553463
2022-05-21,82215.2704841305
2022-05-22,70057.29003587882
2022-05-23,75135.09591250186
2022-05-24,63586.546592499195
2022-05-25,68243.88028063613
2022-05-26,78154.06500827605
2022-05-27,86404.1156495012
2022-05-28,87511.35639081636
2022-05-29,70651.66704486465
2022-05-30,69740.55990765829
2022-05-31,69002.92943993647
2022-06-01,76967.1353238581
2022-06-02,82479.99905765001
2022-06-03,88699.21812651248
2022-06-04,95094.677187863
2022-06-05,90572.37420315907
2022-06-06,95499.45953827577
2022-06-07,94533.47124705337
2022-06-08,97063.54348251116
2022-06-09,93267.66133722157
2022-06-10,90686.41975719902
2022-06-11,93691.98599224932
2022-06-12,84557.87223543032
2022-06-13,85527.99731753685
2022-06-14,73935.01945907697
2022-06-15,73660.6295017791
2022-06-16,78944.15059153954
2022-06-17,87291.46227815982
2022-06-18,87274.77856514955
2022-06-19,75499.10105810984
2022-06-20,76270.45364781997
2022-06-21,70916.63749116483
2022-06-22,69271.23675265005
2022-06-23,76200.37793677286
2022-06-24,69143.7447905008
2022-06-25,82527.54092400396
2022-06-26,73421.47334673218
2022-06-27,73030.16635004272
2022-06-28,70467.2061665763
2022-06-29,70405.68528841442
2022-06-30,72141.78425878371
2022-07-01,76981.87701429847
2022-07-02,80596.30783816242
2022-07-03,72577.23937223692
2022-07-04,77491.38225264057
2022-07-05,75947.98132825314
2022-07-06,75883.12032415078
2022-07-07,79751.90105665958
2022-07-08,85671.77256996442
2022-07-09,86495.45877082978
2022-07-10,77047.55097062528
2022-07-11,81788.38817961571
2022-07-12,79598.98250741306
2022-07-13,80449.8084512531
2022-07-14,85223.10332265405
2022-07-15,90616.59770384782
2022-07-16,90982.916514928
2022-07-17,80043.11337901633
2022-07-18,82955.86191979305
2022-07-19,81912.93764682593
2022-07-20,81614.98168319235
2022-07-21,85148.63191778357
2022-07-22,88852.35595369719
2022-07-23,89288.75720314143
2022-07-24,79076.08320081426
2022-07-25,83181.43464018505
2022-07-26,80389.36972974721
2022-07-27,81360.6569685005
2022-07-28,83575.47980553472
2022-07-29,85080.60700881715
2022-07-30,86092.325018609
2022-07-31,76152.29915244125
2022-08-01,83086.72498532751
2022-08-02,84505.0798847819
2022-08-03,84149.62079650286
2022-08-04,88116.74035344538
2022-08-05,86824.47804989172
2022-08-06,93159.26201666413
2022-08-07,86089.73905077555
2022-08-08,90257.75228471031
2022-08-09,89661.43402401265
2022-08-10,89690.94062222642
2022-08-11,92725.2293792977
2022-08-12,94427.69107725915
2022-08-13,96553.94058146578
2022-08-14,87158.50636460673
2022-08-15,84297.03702729905
2022-08-16,85986.15955931232
2022-08-17,84040.15836370508
2022-08-18,84862.75449306458
2022-08-19,87348.94188803241
2022-08-20,87434.93452182545
2022-08-21,73708.10514044826
2022-08-22,77205.8304107225
2022-08-23,74371.61362898134
2022-08-24,75672.8814462495
2022-08-25,77994.35807025853
2022-08-26,77977.36052983809
2022-08-27,78600.14625579184
2022-08-28,71720.0520227776
2022-08-29,72791.07858552672
2022-08-30,63561.28303039573
2022-08-31,57440.324876424296
2022-09-01,65049.553321418556
2022-09-02,71737.21083543148
2022-09-03,77958.50565492491
2022-09-04,69017.28197342536
2022-09-05,70654.28217111612
2022-09-06,70306.44526775835
2022-09-07,71156.14490001582
2022-09-08,73619.87623481834
2022-09-09,79007.22284472367
2022-09-10,82152.37247374473
2022-09-11,69888.5305349145
2022-09-12,71330.84693556323
2022-09-13,70438.94662664314
2022-09-14,69385.37465099743
2022-09-15,74310.23609401181
2022-09-16,79681.6619790574
2022-09-17,85024.2787460703
2022-09-18,73139.90614895993
2022-09-19,71994.62798115144
2022-09-20,69378.09244050956
2022-09-21,69016.9475492877
2022-09-22,72659.82483766071
2022-09-23,79600.50781519798
2022-09-24,79496.06242391757
2022-09-25,74315.22140309802
2022-09-26,65722.34256368103
2022-09-27,69197.27413201054
2022-09-28,66464.1367308353
2022-09-29,68815.4479263811
2022-09-30,75252.27200969146
2022-10-01,81659.99319132378
2022-10-02,69549.933264887
2022-10-03,68533.08715239046
2022-10-04,65469.66111470274
2022-10-05,64816.29448013845
2022-10-06,68229.09754235124
2022-10-07,72598.83971166458
2022-10-08,83832.85901099302
2022-10-09,72761.6917531453
2022-10-10,70624.90371517892
2022-10-11,67644.04728952367
2022-10-12,60831.94931039498
2022-10-13,70491.63070182943
2022-10-14,76848.88273269674
2022-10-15,82875.0155268161
2022-10-16,67451.455374524
2022-10-17,66240.35348109128
2022-10-18,65529.63865715534
2022-10-19,66816.38309831201
2022-10-20,68288.27888534193
2022-10-21,76268.52156162082
2022-10-22,81418.34754949897
2022-10-23,68020.61226787254
2022-10-24,65796.35593513277
2022-10-25,67939.15594275037
2022-10-26,69370.08390285172
2022-10-27,70323.12661036808
2022-10-28,77299.28657540413
2022-10-29,84235.73345796941
2022-10-30,73383.86795680958
2022-10-31,76404.5434096499
2022-11-01,59888.72355327279
2022-11-02,61820.90168099415
2022-11-03,62374.45165016891
2022-11-04,68928.52004432614
2022-11-05,75593.4326140101
2022-11-06,64415.394842406946
2022-11-07,60014.69668696325
2022-11-08,56477.86499092727
2022-11-09,57117.136473077306
2022-11-10,62364.80157466233
2022-11-11,73853.10520999161
2022-11-12,79816.4436211003
2022-11-13,61032.06675554762
2022-11-14,55272.04924902253
2022-11-15,51904.57304521475
2022-11-16,53758.226802163364
2022-11-17,57478.89995330646
2022-11-18,65111.89848822917
2022-11-19,72353.91367243508
2022-11-20,56747.41940418967
2022-11-21,51009.84789720746
2022-11-22,47560.27872938028
2022-11-23,48639.531236833056
2022-11-24,51942.570948211476
2022-11-25,62652.47390246969
2022-11-26,69288.4674595858
2022-11-27,54545.257847205365
2022-11-28,48676.093904866866
2022-11-29,44530.25536365471
2022-11-30,42832.2597653149
2022-12-01,43438.59612817872
2022-12-02,46926.87748269167
2022-12-03,58734.45980432323
2022-12-04,46770.37814252231
2022-12-05,44391.36624157772
2022-12-06,36946.794898920896
2022-12-07,42892.741695094315
2022-12-08,37515.20704655408
2022-12-09,52413.960375935465
2022-12-10,54021.573449350915
2022-12-11,39570.112156812844
2022-12-12,35275.89012572027
2022-12-13,37012.85821436678
2022-12-14,40518.16469433547
2022-12-15,43960.39763229582
2022-12-16,51368.4179978401
2022-12-17,56572.453113211624
2022-12-18,46797.3265131115
2022-12-19,47349.356568985764
2022-12-20,45911.5295266038
2022-12-21,46498.98162993094
2022-12-22,46907.29732682376
2022-12-23,50217.74673853978
2022-12-24,45940.720987551314
2022-12-25,29181.115100316736
2022-12-26,40322.43406794574
2022-12-27,54636.01542462135
2022-12-28,57523.750410645014
2022-12-29,62510.648760062984
2022-12-30,71299.78779689927
2022-12-31,73340.78162517976
2023-01-01,53444.80870458062
2023-01-02,59613.08369294219
2023-01-03,54195.94664118452
2023-01-04,52494.39458546998
2023-01-05,52027.24806254501
2023-01-06,44466.22096170053
2023-01-07,53135.85108982041
2023-01-08,41858.486486486385
2023-01-09,42527.58606009768
2023-01-10,42040.61733791652
2023-01-11,41955.13425491573
2023-01-12,45619.38185323784
2023-01-13,53002.49338064259
2023-01-14,59038.9110052588
2023-01-15,47159.69161286321
2023-01-16,45387.25905173585
2023-01-17,42164.607982407884
2023-01-18,42798.80900512251
2023-01-19,45682.191759054636
2023-01-20,54013.762424396955
2023-01-21,61141.35481721859
2023-01-22,49433.11355500577
2023-01-23,46915.71763566805
2023-01-24,42368.80016371121
2023-01-25,44836.51273591367
2023-01-26,47893.162502325016
2023-01-27,54553.2531544998
2023-01-28,60606.20470371421
2023-01-29,49663.46577263338
2023-01-30,50383.74987392195
2023-01-31,50241.809983470965
2023-02-01,51785.91817100439
2023-02-02,55872.52811448069
2023-02-03,62196.23539657591
2023-02-04,70219.10709092485
2023-02-05,57776.81292470738
2023-02-06,50834.52572066238
2023-02-07,42903.81538733798
2023-02-08,48202.73447891473
2023-02-09,51381.46623682908
2023-02-10,59759.129419538156
2023-02-11,66332.00709929605
2023-02-12,54790.19113460749
2023-02-13,54314.360986611006
2023-02-14,55749.866359692525
2023-02-15,56029.35633808044
2023-02-16,63174.3724074757
2023-02-17,70976.51481504634
2023-02-18,76131.90105573632
2023-02-19,63354.54986473722
2023-02-20,61563.09203129002
2023-02-21,58227.843909372714
2023-02-22,58562.41405834325
2023-02-23,60367.580270189355
2023-02-24,68362.360758794
2023-02-25,73608.46233355023
2023-02-26,62184.684663477
2023-02-27,56944.133808724684
2023-02-28,54535.28628358229
2023-03-01,57398.45265505782
2023-03-02,64481.41549663821
2023-03-03,73148.61871052184
2023-03-04,78318.82352365521
2023-03-05,63507.336521843936
2023-03-06,59432.798767726345
2023-03-07,56654.88326893313
2023-03-08,59017.707032439095
2023-03-09,62664.35739878313
2023-03-10,73836.79150561402
2023-03-11,81449.62525657497
2023-03-12,67955.83615801987
2023-03-13,64676.019400052486
2023-03-14,61733.40821057375
2023-03-15,60946.06610059185
2023-03-16,64916.28242704276
2023-03-17,74232.15131005959
2023-03-18,80658.6197440944
2023-03-19,68052.02638238091
2023-03-20,65795.74790675071
2023-03-21,61794.60217790981
2023-03-22,63976.06034293372
2023-03-23,67817.32800055885
2023-03-24,75491.30418033729
2023-03-25,82279.97907494375
2023-03-26,70652.94679998235
2023-03-27,68653.92101062636
2023-03-28,64094.00743792932
2023-03-29,67726.74101987944
2023-03-30,69994.80782986704
2023-03-31,74794.50180679536
2023-04-01,77832.94880010842
2023-04-02,68889.4759330816
2023-04-03,68356.28202131721
2023-04-04,66706.015392977
2023-04-05,69208.93933473028
2023-04-06,73469.09958367191
2023-04-07,72369.11977133363
2023-04-08,84746.80361766162
2023-04-09,75356.42138430726
2023-04-10,69086.06324348162
2023-04-11,72049.66018715869
2023-04-12,69785.69707100675
2023-04-13,74746.04945054931
2023-04-14,81995.84000338009
2023-04-15,86716.90329634283
2023-04-16,73470.16228901593
2023-04-17,73639.08944143317
2023-04-18,74019.08706798476
2023-04-19,75635.5306169496
2023-04-20,79578.85097855172
2023-04-21,87550.71576360305
2023-04-22,94036.49644930408
2023-04-23,88782.87088724911
2023-04-24,80440.49350139107
2023-04-25,75773.6458536584
2023-04-26,76620.51274966245
2023-04-27,82855.30722840382
2023-04-28,88129.0478177741
2023-04-29,92642.07322309606
2023-04-30,82818.56777830784
2023-05-01,78476.2482596169
2023-05-02,80960.47642844713
2023-05-03,79065.47268070091
2023-05-04,80358.2915558829
2023-05-05,87203.52902883172
2023-05-06,94653.40052971095
2023-05-07,82249.23584549518
2023-05-08,78629.84503340912
2023-05-09,71047.13610632745
2023-05-10,71116.82008183995
2023-05-11,73925.64579272394
2023-05-12,78202.18409406711
2023-05-13,86463.845610098
2023-05-14,73813.96227790341
2023-05-15,73596.65184128277
2023-05-16,72917.88013640101
2023-05-17,75020.58875195553
2023-05-18,82933.13156711627
2023-05-19,92589.34478365349
2023-05-20,97820.48930397206
2023-05-21,81496.43804475808
2023-05-22,78887.89184800281
2023-05-23,75883.90426496115
2023-05-24,75225.65938259549
2023-05-25,72477.06786111246
2023-05-26,86661.88813004259
2023-05-27,93160.58489918987
2023-05-28,84757.32786335003
2023-05-29,85202.65614242946
2023-05-30,80135.04543836374
2023-05-31,80008.43768526625
2023-06-01,88910.3502072352
2023-06-02,91133.19633828508
2023-06-03,90319.99962208567
2023-06-04,81302.99167727461
2023-06-05,84688.87318798462
2023-06-06,84553.74943946162
2023-06-07,82216.23323615163
2023-06-08,87341.49009786814
2023-06-09,96247.4386158818
2023-06-10,97124.21341980214
2023-06-11,83780.93730755565
2023-06-12,81715.75889105821
2023-06-13,78735.38924789373
2023-06-14,83989.28577201106
2023-06-15,91148.74015929796
2023-06-16,100253.08229652897
2023-06-17,101553.50204961575
2023-06-18,90851.26931356314
2023-06-19,90980.99842118383
2023-06-20,85430.52859640244
2023-06-21,83734.29783033287
2023-06-22,86860.81215563542
2023-06-23,96098.84133153434
2023-06-24,87489.25889215087
2023-06-25,88694.50398802746
2023-06-26,91137.03199426802
2023-06-27,86685.28080820471
2023-06-28,86991.70800541203
2023-06-29,89224.07910094483
2023-06-30,92496.29988017061
2023-07-01,93343.72583508072
2023-07-02,86002.06164667962
2023-07-03,89142.96487198424
2023-07-04,90205.39421763152
2023-07-05,88260.31781064943
2023-07-06,91660.60974598269
2023-07-07,97699.64978346368
2023-07-08,101738.25481719809
2023-07-09,91726.13284926816
2023-07-10,98142.84384428065
2023-07-11,97567.68328665006
2023-07-12,94109.68875302316
2023-07-13,99187.53499900285
2023-07-14,106099.44687862866
2023-07-15,106643.96983033745
2023-07-16,94085.413778723
2023-07-17,98663.58926110614
2023-07-18,97198.2788759464
2023-07-19,97612.76621903318
2023-07-20,99897.64137701788
2023-07-21,105726.92696112627
2023-07-22,102870.44445788841
2023-07-23,92128.56359300163
2023-07-24,94970.2258856898
2023-07-25,96732.7251075002
2023-07-26,94891.83329136712
2023-07-27,95862.84888150479
2023-07-28,99692.4622544933
2023-07-29,98925.83591416813
2023-07-30,90175.3148772595
2023-07-31,94160.65333696952
2023-08-01,93419.89348464078
2023-08-02,92505.2188562098
2023-08-03,101015.02941027205
2023-08-04,101087.76144125806
2023-08-05,101343.79903646956
2023-08-06,91103.81509541272
2023-08-07,100514.22504097428
2023-08-08,99046.92625991761
2023-08-09,97070.36851468329
2023-08-10,101178.57109893268
2023-08-11,104957.49645299013
2023-08-12,104110.28735906398
2023-08-13,96099.53110010568
2023-08-14,103222.70235010894
2023-08-15,90639.44649085683
2023-08-16,97671.93591838138
2023-08-17,97389.74439450534
2023-08-18,98949.57019945538
2023-08-19,99463.18723357405
2023-08-20,90103.25498039076
2023-08-21,90932.92128586183
2023-08-22,88659.00423428213
2023-08-23,88562.6786575431
2023-08-24,88958.7192086882
2023-08-25,91195.94128572867
2023-08-26,87858.80000461765
2023-08-27,73730.83934921362
2023-08-28,84510.79447187898
2023-08-29,80519.00923177075
2023-08-30,78602.07525098986
2023-08-31,81756.84852019262
2023-09-01,84923.77602187145
2023-09-02,87583.97814158641
2023-09-03,80308.31940195625
2023-09-04,81526.09054500386
2023-09-05,78808.15933016394
2023-09-06,80733.97472745834
2023-09-07,83343.62388389786
2023-09-08,91210.59716944577
2023-09-09,95231.25525685248
2023-09-10,84358.35637441558
2023-09-11,78160.0321535891
2023-09-12,82569.4100437011
2023-09-13,80663.28097852692
2023-09-14,85815.07990330766
2023-09-15,85350.56152807976
2023-09-16,97563.00110741949
2023-09-17,87591.00561864823
2023-09-18,90304.8755384458
2023-09-19,85434.5360962151
2023-09-20,84742.82432962315
2023-09-21,87328.95073108628
2023-09-22,96314.86757735763
2023-09-23,102063.06559295017
2023-09-24,89581.27736005679
2023-09-25,82948.27411693594
2023-09-26,85090.81246124579
2023-09-27,82996.92528310475
2023-09-28,86501.0458895697
2023-09-29,94551.36679058551
2023-09-30,99095.41460897926
2023-10-01,84544.1957030892
2023-10-02,87414.90074536549
2023-10-03,85678.15631795129
2023-10-04,85597.29866348126
2023-10-05,87600.77332417495
2023-10-06,96078.61398814009
2023-10-07,100450.76138744377
2023-10-08,86143.19397685892
2023-10-09,84959.72692094496
2023-10-10,78439.7003391946
2023-10-11,79715.55866653901
2023-10-12,76994.61695038524
2023-10-13,92927.65054481392
2023-10-14,96316.47209716478
2023-10-15,78167.7596326613
2023-10-16,76166.00053927061
2023-10-17,75536.02685163009
2023-10-18,76976.01765945736
2023-10-19,81209.99773897209
2023-10-20,89562.40618973272
2023-10-21,96363.11953166375
2023-10-22,82152.44916229685
2023-10-23,84171.72290567245
2023-10-24,77112.9560193587
2023-10-25,79466.06385019682
2023-10-26,85970.00507057886
2023-10-27,98524.35678763267
2023-10-28,105832.64431417626
2023-10-29,89567.33844270676
2023-10-30,88574.17991032379
2023-10-31,88633.8624900165
2023-11-01,77705.70407465706
2023-11-02,82559.5322844348
2023-11-03,88971.08966640742
2023-11-04,93301.5842247124
2023-11-05,77853.40494418115
2023-11-06,74231.6668558132
2023-11-07,69521.02015529515
2023-11-08,70789.78340044018
2023-11-09,75160.75698297177
2023-11-10,85801.19541467019
2023-11-11,91664.13940012781
2023-11-12,75521.20484274974
2023-11-13,70962.47903505324
2023-11-14,65976.41686518582
2023-11-15,63595.65199010414
2023-11-16,69501.31681199139
2023-11-17,80977.4272438012
2023-11-18,84219.66894288841
2023-11-19,72802.65550940426
2023-11-20,67317.13304998999
2023-11-21,62080.64166907065
2023-11-22,61612.40299835418
2023-11-23,61339.72378544636
2023-11-24,75900.9626780749
2023-11-25,84666.56268582951
2023-11-26,68148.87371875475
2023-11-27,63902.241313790204
2023-11-28,58887.78273625731
2023-11-29,57422.729847306975
2023-11-30,57752.516616816436
2023-12-01,67179.94522728886
2023-12-02,77649.88094409248
2023-12-03,60395.854581525884
2023-12-04,52715.437056245224
2023-12-05,48708.00025783865
2023-12-06,45927.86412412489
2023-12-07,58099.40123914132
2023-12-08,60362.71114950176
2023-12-09,70536.14964116973
2023-12-10,54062.26209733832
2023-12-11,48656.94203057487
2023-12-12,45410.88728161422
2023-12-13,48482.0256441698
2023-12-14,52898.49841526878
2023-12-15,63724.434571312944
2023-12-16,71735.73720393713
2023-12-17,59347.7298423303
2023-12-18,56399.23935717037
2023-12-19,56236.58853196906
2023-12-20,56810.12887896583
2023-12-21,58095.08138899082
2023-12-22,61954.944560674085
2023-12-23,65589.72915220608
2023-12-24,53559.32970833245
2023-12-25,39738.22603757096
2023-12-26,51882.540944752254
2023-12-27,68970.33746577725
2023-12-28,72244.72829856256
2023-12-29,80002.10105533534
2023-12-30,90224.53333607016
2023-12-31,82600.98207270098
