"Data","Series 1"
"2018-01-01 00:00:00",61688
"2018-01-02 00:00:00",230257
"2018-01-03 00:00:00",244601
"2018-01-04 00:00:00",269666
"2018-01-05 00:00:00",302332
"2018-01-06 00:00:00",79850
"2018-01-07 00:00:00",138034
"2018-01-08 00:00:00",220621
"2018-01-09 00:00:00",210160
"2018-01-10 00:00:00",210575
"2018-01-11 00:00:00",213653
"2018-01-12 00:00:00",242684
"2018-01-13 00:00:00",247893
"2018-01-14 00:00:00",91861
"2018-01-15 00:00:00",200675
"2018-01-16 00:00:00",199462
"2018-01-17 00:00:00",201899
"2018-01-18 00:00:00",209200
"2018-01-19 00:00:00",237111
"2018-01-20 00:00:00",239842
"2018-01-21 00:00:00",92235
"2018-01-22 00:00:00",196603
"2018-01-23 00:00:00",197597
"2018-01-24 00:00:00",199187
"2018-01-25 00:00:00",210825
"2018-01-26 00:00:00",211490
"2018-01-27 00:00:00",242709
"2018-01-28 00:00:00",94333
"2018-01-29 00:00:00",199926
"2018-01-30 00:00:00",207390
"2018-01-31 00:00:00",216591
"2018-02-01 00:00:00",209337
"2018-02-02 00:00:00",254407
"2018-02-03 00:00:00",247726
"2018-02-04 00:00:00",83631
"2018-02-05 00:00:00",185990
"2018-02-06 00:00:00",210615
"2018-02-07 00:00:00",217761
"2018-02-08 00:00:00",213224
"2018-02-09 00:00:00",247246
"2018-02-10 00:00:00",238237
"2018-02-11 00:00:00",98676
"2018-02-12 00:00:00",191549
"2018-02-13 00:00:00",215466
"2018-02-14 00:00:00",228689
"2018-02-15 00:00:00",219011
"2018-02-16 00:00:00",242108
"2018-02-17 00:00:00",232788
"2018-02-18 00:00:00",98950
"2018-02-19 00:00:00",199575
"2018-02-20 00:00:00",203735
"2018-02-21 00:00:00",205714
"2018-02-22 00:00:00",214358
"2018-02-23 00:00:00",244392
"2018-02-24 00:00:00",234794
"2018-02-25 00:00:00",104987
"2018-02-26 00:00:00",206683
"2018-02-27 00:00:00",210316
"2018-02-28 00:00:00",204140
"2018-03-01 00:00:00",236134
"2018-03-02 00:00:00",263451
"2018-03-03 00:00:00",255901
"2018-03-04 00:00:00",105780
"2018-03-05 00:00:00",209416
"2018-03-06 00:00:00",216180
"2018-03-07 00:00:00",220121
"2018-03-08 00:00:00",215479
"2018-03-09 00:00:00",258289
"2018-03-10 00:00:00",247969
"2018-03-11 00:00:00",103480
"2018-03-12 00:00:00",211891
"2018-03-13 00:00:00",212789
"2018-03-14 00:00:00",220552
"2018-03-15 00:00:00",228177
"2018-03-16 00:00:00",257887
"2018-03-17 00:00:00",239809
"2018-03-18 00:00:00",104881
"2018-03-19 00:00:00",214048
"2018-03-20 00:00:00",206813
"2018-03-21 00:00:00",214853
"2018-03-22 00:00:00",225719
"2018-03-23 00:00:00",250199
"2018-03-24 00:00:00",194904
"2018-03-25 00:00:00",94294
"2018-03-26 00:00:00",206091
"2018-03-27 00:00:00",217438
"2018-03-28 00:00:00",227889
"2018-03-29 00:00:00",239359
"2018-03-30 00:00:00",94487
"2018-03-31 00:00:00",191316
"2018-04-01 00:00:00",92444
"2018-04-02 00:00:00",92950
"2018-04-03 00:00:00",233956
"2018-04-04 00:00:00",228224
"2018-04-05 00:00:00",236858
"2018-04-06 00:00:00",260740
"2018-04-07 00:00:00",256214
"2018-04-08 00:00:00",100636
"2018-04-09 00:00:00",218338
"2018-04-10 00:00:00",222137
"2018-04-11 00:00:00",219284
"2018-04-12 00:00:00",235770
"2018-04-13 00:00:00",254612
"2018-04-14 00:00:00",248442
"2018-04-15 00:00:00",126247
"2018-04-16 00:00:00",215515
"2018-04-17 00:00:00",228788
"2018-04-18 00:00:00",232984
"2018-04-19 00:00:00",242658
"2018-04-20 00:00:00",273842
"2018-04-21 00:00:00",266040
"2018-04-22 00:00:00",113918
"2018-04-23 00:00:00",261876
"2018-04-24 00:00:00",227881
"2018-04-25 00:00:00",235948
"2018-04-26 00:00:00",247048
"2018-04-27 00:00:00",277573
"2018-04-28 00:00:00",261944
"2018-04-29 00:00:00",105563
"2018-04-30 00:00:00",257781
"2018-05-01 00:00:00",99800
"2018-05-02 00:00:00",250571
"2018-05-03 00:00:00",242518
"2018-05-04 00:00:00",276901
"2018-05-05 00:00:00",272463
"2018-05-06 00:00:00",128568
"2018-05-07 00:00:00",233806
"2018-05-08 00:00:00",236460
"2018-05-09 00:00:00",245644
"2018-05-10 00:00:00",257962
"2018-05-11 00:00:00",287555
"2018-05-12 00:00:00",258710
"2018-05-13 00:00:00",114871
"2018-05-14 00:00:00",232026
"2018-05-15 00:00:00",231978
"2018-05-16 00:00:00",235969
"2018-05-17 00:00:00",244257
"2018-05-18 00:00:00",267967
"2018-05-19 00:00:00",247112
"2018-05-20 00:00:00",117650
"2018-05-21 00:00:00",105807
"2018-05-22 00:00:00",244910
"2018-05-23 00:00:00",239813
"2018-05-24 00:00:00",248032
"2018-05-25 00:00:00",269210
"2018-05-26 00:00:00",251437
"2018-05-27 00:00:00",111682
"2018-05-28 00:00:00",224502
"2018-05-29 00:00:00",233503
"2018-05-30 00:00:00",246028
"2018-05-31 00:00:00",261077
"2018-06-01 00:00:00",286397
"2018-06-02 00:00:00",271620
"2018-06-03 00:00:00",110606
"2018-06-04 00:00:00",241964
"2018-06-05 00:00:00",239400
"2018-06-06 00:00:00",236954
"2018-06-07 00:00:00",248001
"2018-06-08 00:00:00",278448
"2018-06-09 00:00:00",261620
"2018-06-10 00:00:00",120781
"2018-06-11 00:00:00",244461
"2018-06-12 00:00:00",242866
"2018-06-13 00:00:00",249605
"2018-06-14 00:00:00",257786
"2018-06-15 00:00:00",281040
"2018-06-16 00:00:00",262466
"2018-06-17 00:00:00",118308
"2018-06-18 00:00:00",247940
"2018-06-19 00:00:00",247362
"2018-06-20 00:00:00",250930
"2018-06-21 00:00:00",263918
"2018-06-22 00:00:00",279017
"2018-06-23 00:00:00",233873
"2018-06-24 00:00:00",91183
"2018-06-25 00:00:00",239485
"2018-06-26 00:00:00",243399
"2018-06-27 00:00:00",248698
"2018-06-28 00:00:00",256715
"2018-06-29 00:00:00",309385
"2018-06-30 00:00:00",272113
"2018-07-01 00:00:00",162863
"2018-07-02 00:00:00",276461
"2018-07-03 00:00:00",268547
"2018-07-04 00:00:00",271778
"2018-07-05 00:00:00",274418
"2018-07-06 00:00:00",283452
"2018-07-07 00:00:00",253738
"2018-07-08 00:00:00",116519
"2018-07-09 00:00:00",259121
"2018-07-10 00:00:00",260585
"2018-07-11 00:00:00",262391
"2018-07-12 00:00:00",267430
"2018-07-13 00:00:00",276994
"2018-07-14 00:00:00",242457
"2018-07-15 00:00:00",113592
"2018-07-16 00:00:00",245251
"2018-07-17 00:00:00",248041
"2018-07-18 00:00:00",249803
"2018-07-19 00:00:00",253711
"2018-07-20 00:00:00",262612
"2018-07-21 00:00:00",228205
"2018-07-22 00:00:00",109201
"2018-07-23 00:00:00",235984
"2018-07-24 00:00:00",235417
"2018-07-25 00:00:00",241662
"2018-07-26 00:00:00",244744
"2018-07-27 00:00:00",254326
"2018-07-28 00:00:00",221581
"2018-07-29 00:00:00",105343
"2018-07-30 00:00:00",236876
"2018-07-31 00:00:00",238758
"2018-08-01 00:00:00",233959
"2018-08-02 00:00:00",234730
"2018-08-03 00:00:00",238486
"2018-08-04 00:00:00",200956
"2018-08-05 00:00:00",102285
"2018-08-06 00:00:00",203887
"2018-08-07 00:00:00",198522
"2018-08-08 00:00:00",197718
"2018-08-09 00:00:00",193986
"2018-08-10 00:00:00",205694
"2018-08-11 00:00:00",175030
"2018-08-12 00:00:00",96221
"2018-08-13 00:00:00",184319
"2018-08-14 00:00:00",185311
"2018-08-15 00:00:00",102905
"2018-08-16 00:00:00",184291
"2018-08-17 00:00:00",168751
"2018-08-18 00:00:00",171776
"2018-08-19 00:00:00",95489
"2018-08-20 00:00:00",177407
"2018-08-21 00:00:00",169323
"2018-08-22 00:00:00",169575
"2018-08-23 00:00:00",169507
"2018-08-24 00:00:00",182280
"2018-08-25 00:00:00",171163
"2018-08-26 00:00:00",92977
"2018-08-27 00:00:00",191732
"2018-08-28 00:00:00",189218
"2018-08-29 00:00:00",196005
"2018-08-30 00:00:00",207792
"2018-08-31 00:00:00",224809
"2018-09-01 00:00:00",212034
"2018-09-02 00:00:00",112256
"2018-09-03 00:00:00",229395
"2018-09-04 00:00:00",227595
"2018-09-05 00:00:00",228159
"2018-09-06 00:00:00",226991
"2018-09-07 00:00:00",252718
"2018-09-08 00:00:00",224753
"2018-09-09 00:00:00",106722
"2018-09-10 00:00:00",252052
"2018-09-11 00:00:00",121453
"2018-09-12 00:00:00",233895
"2018-09-13 00:00:00",250411
"2018-09-14 00:00:00",266301
"2018-09-15 00:00:00",247586
"2018-09-16 00:00:00",117302
"2018-09-17 00:00:00",236826
"2018-09-18 00:00:00",226346
"2018-09-19 00:00:00",237593
"2018-09-20 00:00:00",244242
"2018-09-21 00:00:00",267278
"2018-09-22 00:00:00",247603
"2018-09-23 00:00:00",123442
"2018-09-24 00:00:00",110832
"2018-09-25 00:00:00",250368
"2018-09-26 00:00:00",241599
"2018-09-27 00:00:00",251981
"2018-09-28 00:00:00",287356
"2018-09-29 00:00:00",276159
"2018-09-30 00:00:00",128992
"2018-10-01 00:00:00",241682
"2018-10-02 00:00:00",248612
"2018-10-03 00:00:00",250339
"2018-10-04 00:00:00",258644
"2018-10-05 00:00:00",288371
"2018-10-06 00:00:00",283260
"2018-10-07 00:00:00",129178
"2018-10-08 00:00:00",242391
"2018-10-09 00:00:00",232703
"2018-10-10 00:00:00",252871
"2018-10-11 00:00:00",291008
"2018-10-12 00:00:00",169088
"2018-10-13 00:00:00",251311
"2018-10-14 00:00:00",116538
"2018-10-15 00:00:00",238702
"2018-10-16 00:00:00",239989
"2018-10-17 00:00:00",242177
"2018-10-18 00:00:00",243798
"2018-10-19 00:00:00",269800
"2018-10-20 00:00:00",284182
"2018-10-21 00:00:00",127724
"2018-10-22 00:00:00",234285
"2018-10-23 00:00:00",238682
"2018-10-24 00:00:00",241986
"2018-10-25 00:00:00",257119
"2018-10-26 00:00:00",289377
"2018-10-27 00:00:00",255426
"2018-10-28 00:00:00",121389
"2018-10-29 00:00:00",254484
"2018-10-30 00:00:00",267776
"2018-10-31 00:00:00",279987
"2018-11-01 00:00:00",177267
"2018-11-02 00:00:00",298543
"2018-11-03 00:00:00",263591
"2018-11-04 00:00:00",120577
"2018-11-05 00:00:00",231884
"2018-11-06 00:00:00",248669
"2018-11-07 00:00:00",250363
"2018-11-08 00:00:00",256925
"2018-11-09 00:00:00",285247
"2018-11-10 00:00:00",295061
"2018-11-11 00:00:00",127701
"2018-11-12 00:00:00",237252
"2018-11-13 00:00:00",241041
"2018-11-14 00:00:00",245889
"2018-11-15 00:00:00",216147
"2018-11-16 00:00:00",288995
"2018-11-17 00:00:00",275601
"2018-11-18 00:00:00",110153
"2018-11-19 00:00:00",234922
"2018-11-20 00:00:00",230408
"2018-11-21 00:00:00",244893
"2018-11-22 00:00:00",258708
"2018-11-23 00:00:00",330026
"2018-11-24 00:00:00",305506
"2018-11-25 00:00:00",161172
"2018-11-26 00:00:00",232466
"2018-11-27 00:00:00",244456
"2018-11-28 00:00:00",252961
"2018-11-29 00:00:00",267783
"2018-11-30 00:00:00",307466
"2018-12-01 00:00:00",311311
"2018-12-02 00:00:00",139073
"2018-12-03 00:00:00",256439
"2018-12-04 00:00:00",261398
"2018-12-05 00:00:00",292109
"2018-12-06 00:00:00",198313
"2018-12-07 00:00:00",298147
"2018-12-08 00:00:00",219335
"2018-12-09 00:00:00",122100
"2018-12-10 00:00:00",265506
"2018-12-11 00:00:00",268468
"2018-12-12 00:00:00",271324
"2018-12-13 00:00:00",271536
"2018-12-14 00:00:00",316443
"2018-12-15 00:00:00",331848
"2018-12-16 00:00:00",182314
"2018-12-17 00:00:00",277820
"2018-12-18 00:00:00",289146
"2018-12-19 00:00:00",301349
"2018-12-20 00:00:00",318131
"2018-12-21 00:00:00",307929
"2018-12-22 00:00:00",343572
"2018-12-23 00:00:00",233329
"2018-12-24 00:00:00",318882
"2018-12-25 00:00:00",57177
"2018-12-26 00:00:00",80933
"2018-12-27 00:00:00",258779
"2018-12-28 00:00:00",272793
"2018-12-29 00:00:00",264766
"2018-12-30 00:00:00",173124
"2018-12-31 00:00:00",268672
"2019-01-01 00:00:00",79688
"2019-01-02 00:00:00",268359
"2019-01-03 00:00:00",289330
"2019-01-04 00:00:00",325349
"2019-01-05 00:00:00",307256
"2019-01-06 00:00:00",94211
"2019-01-07 00:00:00",257240
"2019-01-08 00:00:00",241831
"2019-01-09 00:00:00",241709
"2019-01-10 00:00:00",250355
"2019-01-11 00:00:00",283457
"2019-01-12 00:00:00",292569
"2019-01-13 00:00:00",154630
"2019-01-14 00:00:00",237104
"2019-01-15 00:00:00",235133
"2019-01-16 00:00:00",238684
"2019-01-17 00:00:00",246456
"2019-01-18 00:00:00",275998
"2019-01-19 00:00:00",269937
"2019-01-20 00:00:00",107038
"2019-01-21 00:00:00",226598
"2019-01-22 00:00:00",226776
"2019-01-23 00:00:00",228619
"2019-01-24 00:00:00",240005
"2019-01-25 00:00:00",282693
"2019-01-26 00:00:00",278137
"2019-01-27 00:00:00",120422
"2019-01-28 00:00:00",233147
"2019-01-29 00:00:00",237442
"2019-01-30 00:00:00",250117
"2019-01-31 00:00:00",262828
"2019-02-01 00:00:00",294521
"2019-02-02 00:00:00",286763
"2019-02-03 00:00:00",132916
"2019-02-04 00:00:00",243778
"2019-02-05 00:00:00",244395
"2019-02-06 00:00:00",249926
"2019-02-07 00:00:00",255778
"2019-02-08 00:00:00",288879
"2019-02-09 00:00:00",279731
"2019-02-10 00:00:00",129292
"2019-02-11 00:00:00",248105
"2019-02-12 00:00:00",247582
"2019-02-13 00:00:00",254885
"2019-02-14 00:00:00",279477
"2019-02-15 00:00:00",295459
"2019-02-16 00:00:00",282329
"2019-02-17 00:00:00",131414
"2019-02-18 00:00:00",240705
"2019-02-19 00:00:00",242538
"2019-02-20 00:00:00",249671
"2019-02-21 00:00:00",229352
"2019-02-22 00:00:00",298445
"2019-02-23 00:00:00",282524
"2019-02-24 00:00:00",133238
"2019-02-25 00:00:00",257276
"2019-02-26 00:00:00",255166
"2019-02-27 00:00:00",268453
"2019-02-28 00:00:00",284791
"2019-03-01 00:00:00",312371
"2019-03-02 00:00:00",286274
"2019-03-03 00:00:00",137850
"2019-03-04 00:00:00",260430
"2019-03-05 00:00:00",257248
"2019-03-06 00:00:00",257301
"2019-03-07 00:00:00",274313
"2019-03-08 00:00:00",298152
"2019-03-09 00:00:00",296927
"2019-03-10 00:00:00",139429
"2019-03-11 00:00:00",256455
"2019-03-12 00:00:00",257641
"2019-03-13 00:00:00",260586
"2019-03-14 00:00:00",273536
"2019-03-15 00:00:00",308297
"2019-03-16 00:00:00",289310
"2019-03-17 00:00:00",136274
"2019-03-18 00:00:00",257129
"2019-03-19 00:00:00",259078
"2019-03-20 00:00:00",258223
"2019-03-21 00:00:00",269043
"2019-03-22 00:00:00",305395
"2019-03-23 00:00:00",291018
"2019-03-24 00:00:00",137047
"2019-03-25 00:00:00",254933
"2019-03-26 00:00:00",258811
"2019-03-27 00:00:00",265114
"2019-03-28 00:00:00",282323
"2019-03-29 00:00:00",326323
"2019-03-30 00:00:00",312354
"2019-03-31 00:00:00",138828
"2019-04-01 00:00:00",265850
"2019-04-02 00:00:00",266543
"2019-04-03 00:00:00",260907
"2019-04-04 00:00:00",285939
"2019-04-05 00:00:00",314702
"2019-04-06 00:00:00",317104
"2019-04-07 00:00:00",150449
"2019-04-08 00:00:00",266746
"2019-04-09 00:00:00",253378
"2019-04-10 00:00:00",281356
"2019-04-11 00:00:00",289837
"2019-04-12 00:00:00",324409
"2019-04-13 00:00:00",300984
"2019-04-14 00:00:00",138101
"2019-04-15 00:00:00",260083
"2019-04-16 00:00:00",263717
"2019-04-17 00:00:00",266236
"2019-04-18 00:00:00",267828
"2019-04-19 00:00:00",116624
"2019-04-20 00:00:00",216711
"2019-04-21 00:00:00",119200
"2019-04-22 00:00:00",117618
"2019-04-23 00:00:00",313950
"2019-04-24 00:00:00",267115
"2019-04-25 00:00:00",278803
"2019-04-26 00:00:00",317283
"2019-04-27 00:00:00",310432
"2019-04-28 00:00:00",147047
"2019-04-29 00:00:00",272375
"2019-04-30 00:00:00",323355
"2019-05-01 00:00:00",165219
"2019-05-02 00:00:00",309580
"2019-05-03 00:00:00",291906
"2019-05-04 00:00:00",340528
"2019-05-05 00:00:00",166208
"2019-05-06 00:00:00",277504
"2019-05-07 00:00:00",273354
"2019-05-08 00:00:00",278602
"2019-05-09 00:00:00",293342
"2019-05-10 00:00:00",329075
"2019-05-11 00:00:00",314356
"2019-05-12 00:00:00",156907
"2019-05-13 00:00:00",277350
"2019-05-14 00:00:00",276899
"2019-05-15 00:00:00",279001
"2019-05-16 00:00:00",288793
"2019-05-17 00:00:00",297543
"2019-05-18 00:00:00",308404
"2019-05-19 00:00:00",146093
"2019-05-20 00:00:00",267974
"2019-05-21 00:00:00",272343
"2019-05-22 00:00:00",279986
"2019-05-23 00:00:00",288091
"2019-05-24 00:00:00",289512
"2019-05-25 00:00:00",312197
"2019-05-26 00:00:00",151842
"2019-05-27 00:00:00",277200
"2019-05-28 00:00:00",284312
"2019-05-29 00:00:00",298862
"2019-05-30 00:00:00",320131
"2019-05-31 00:00:00",360141
"2019-06-01 00:00:00",338376
"2019-06-02 00:00:00",163966
"2019-06-03 00:00:00",304733
"2019-06-04 00:00:00",305106
"2019-06-05 00:00:00",305776
"2019-06-06 00:00:00",314297
"2019-06-07 00:00:00",345513
"2019-06-08 00:00:00",317577
"2019-06-09 00:00:00",151600
"2019-06-10 00:00:00",150728
"2019-06-11 00:00:00",273973
"2019-06-12 00:00:00",310019
"2019-06-13 00:00:00",312720
"2019-06-14 00:00:00",339199
"2019-06-15 00:00:00",315601
"2019-06-16 00:00:00",155900
"2019-06-17 00:00:00",299375
"2019-06-18 00:00:00",300824
"2019-06-19 00:00:00",306758
"2019-06-20 00:00:00",314760
"2019-06-21 00:00:00",344159
"2019-06-22 00:00:00",303974
"2019-06-23 00:00:00",142860
"2019-06-24 00:00:00",119585
"2019-06-25 00:00:00",313035
"2019-06-26 00:00:00",310842
"2019-06-27 00:00:00",322364
"2019-06-28 00:00:00",362089
"2019-06-29 00:00:00",336355
"2019-06-30 00:00:00",196590
"2019-07-01 00:00:00",332889
"2019-07-02 00:00:00",326252
"2019-07-03 00:00:00",330014
"2019-07-04 00:00:00",332776
"2019-07-05 00:00:00",348401
"2019-07-06 00:00:00",306243
"2019-07-07 00:00:00",180499
"2019-07-08 00:00:00",296915
"2019-07-09 00:00:00",310765
"2019-07-10 00:00:00",318802
"2019-07-11 00:00:00",322852
"2019-07-12 00:00:00",336326
"2019-07-13 00:00:00",295354
"2019-07-14 00:00:00",150548
"2019-07-15 00:00:00",303153
"2019-07-16 00:00:00",302498
"2019-07-17 00:00:00",294276
"2019-07-18 00:00:00",314662
"2019-07-19 00:00:00",323744
"2019-07-20 00:00:00",280365
"2019-07-21 00:00:00",145521
"2019-07-22 00:00:00",290267
"2019-07-23 00:00:00",290754
"2019-07-24 00:00:00",293744
"2019-07-25 00:00:00",303337
"2019-07-26 00:00:00",314179
"2019-07-27 00:00:00",271472
"2019-07-28 00:00:00",145815
"2019-07-29 00:00:00",287508
"2019-07-30 00:00:00",293421
"2019-07-31 00:00:00",298502
"2019-08-01 00:00:00",294325
"2019-08-02 00:00:00",297530
"2019-08-03 00:00:00",254551
"2019-08-04 00:00:00",139849
"2019-08-05 00:00:00",252856
"2019-08-06 00:00:00",242074
"2019-08-07 00:00:00",244669
"2019-08-08 00:00:00",243219
"2019-08-09 00:00:00",250627
"2019-08-10 00:00:00",221454
"2019-08-11 00:00:00",128116
"2019-08-12 00:00:00",229357
"2019-08-13 00:00:00",217441
"2019-08-14 00:00:00",227484
"2019-08-15 00:00:00",134413
"2019-08-16 00:00:00",227472
"2019-08-17 00:00:00",198780
"2019-08-18 00:00:00",125495
"2019-08-19 00:00:00",217850
"2019-08-20 00:00:00",213418
"2019-08-21 00:00:00",208548
"2019-08-22 00:00:00",208822
"2019-08-23 00:00:00",219021
"2019-08-24 00:00:00",201309
"2019-08-25 00:00:00",125546
"2019-08-26 00:00:00",231356
"2019-08-27 00:00:00",223836
"2019-08-28 00:00:00",239828
"2019-08-29 00:00:00",247734
"2019-08-30 00:00:00",270812
"2019-08-31 00:00:00",246779
"2019-09-01 00:00:00",142117
"2019-09-02 00:00:00",279798
"2019-09-03 00:00:00",276202
"2019-09-04 00:00:00",277739
"2019-09-05 00:00:00",279903
"2019-09-06 00:00:00",306251
"2019-09-07 00:00:00",276768
"2019-09-08 00:00:00",135485
"2019-09-09 00:00:00",291482
"2019-09-10 00:00:00",285002
"2019-09-11 00:00:00",168195
"2019-09-12 00:00:00",319833
"2019-09-13 00:00:00",323983
"2019-09-14 00:00:00",305071
"2019-09-15 00:00:00",151111
"2019-09-16 00:00:00",290238
"2019-09-17 00:00:00",288285
"2019-09-18 00:00:00",287804
"2019-09-19 00:00:00",296864
"2019-09-20 00:00:00",328146
"2019-09-21 00:00:00",290173
"2019-09-22 00:00:00",159754
"2019-09-23 00:00:00",297735
"2019-09-24 00:00:00",157014
"2019-09-25 00:00:00",306725
"2019-09-26 00:00:00",305671
"2019-09-27 00:00:00",340952
"2019-09-28 00:00:00",326781
"2019-09-29 00:00:00",163676
"2019-09-30 00:00:00",303051
"2019-10-01 00:00:00",300083
"2019-10-02 00:00:00",309952
"2019-10-03 00:00:00",319368
"2019-10-04 00:00:00",352766
"2019-10-05 00:00:00",338918
"2019-10-06 00:00:00",171062
"2019-10-07 00:00:00",298114
"2019-10-08 00:00:00",300736
"2019-10-09 00:00:00",294628
"2019-10-10 00:00:00",321005
"2019-10-11 00:00:00",366896
"2019-10-12 00:00:00",261286
"2019-10-13 00:00:00",176471
"2019-10-14 00:00:00",276292
"2019-10-15 00:00:00",297342
"2019-10-16 00:00:00",296146
"2019-10-17 00:00:00",314714
"2019-10-18 00:00:00",235882
"2019-10-19 00:00:00",309833
"2019-10-20 00:00:00",140444
"2019-10-21 00:00:00",285682
"2019-10-22 00:00:00",279092
"2019-10-23 00:00:00",294890
"2019-10-24 00:00:00",311625
"2019-10-25 00:00:00",356338
"2019-10-26 00:00:00",339525
"2019-10-27 00:00:00",163339
"2019-10-28 00:00:00",297197
"2019-10-29 00:00:00",314489
"2019-10-30 00:00:00",334989
"2019-10-31 00:00:00",383235
"2019-11-01 00:00:00",180213
"2019-11-02 00:00:00",328237
"2019-11-03 00:00:00",154049
"2019-11-04 00:00:00",306551
"2019-11-05 00:00:00",302540
"2019-11-06 00:00:00",310540
"2019-11-07 00:00:00",318629
"2019-11-08 00:00:00",361530
"2019-11-09 00:00:00",353107
"2019-11-10 00:00:00",165813
"2019-11-11 00:00:00",302099
"2019-11-12 00:00:00",300321
"2019-11-13 00:00:00",299498
"2019-11-14 00:00:00",305087
"2019-11-15 00:00:00",357360
"2019-11-16 00:00:00",344570
"2019-11-17 00:00:00",157383
"2019-11-18 00:00:00",291792
"2019-11-19 00:00:00",293463
"2019-11-20 00:00:00",298063
"2019-11-21 00:00:00",311481
"2019-11-22 00:00:00",334937
"2019-11-23 00:00:00",343295
"2019-11-24 00:00:00",162234
"2019-11-25 00:00:00",293817
"2019-11-26 00:00:00",297193
"2019-11-27 00:00:00",309628
"2019-11-28 00:00:00",332341
"2019-11-29 00:00:00",436132
"2019-11-30 00:00:00",391117
"2019-12-01 00:00:00",218610
"2019-12-02 00:00:00",309096
"2019-12-03 00:00:00",311641
"2019-12-04 00:00:00",252699
"2019-12-05 00:00:00",359819
"2019-12-06 00:00:00",248855
"2019-12-07 00:00:00",337107
"2019-12-08 00:00:00",192842
"2019-12-09 00:00:00",310648
"2019-12-10 00:00:00",320501
"2019-12-11 00:00:00",318594
"2019-12-12 00:00:00",337167
"2019-12-13 00:00:00",371664
"2019-12-14 00:00:00",381901
"2019-12-15 00:00:00",221676
"2019-12-16 00:00:00",324655
"2019-12-17 00:00:00",335921
"2019-12-18 00:00:00",344212
"2019-12-19 00:00:00",365846
"2019-12-20 00:00:00",385548
"2019-12-21 00:00:00",395466
"2019-12-22 00:00:00",246407
"2019-12-23 00:00:00",423274
"2019-12-24 00:00:00",360753
"2019-12-25 00:00:00",75827
"2019-12-26 00:00:00",106017
"2019-12-27 00:00:00",308449
"2019-12-28 00:00:00",287882
"2019-12-29 00:00:00",182801
"2019-12-30 00:00:00",341609
"2019-12-31 00:00:00",312481
"2020-01-01 00:00:00",101278
"2020-01-02 00:00:00",320273
"2020-01-03 00:00:00",359275
"2020-01-04 00:00:00",366123
"2020-01-05 00:00:00",237592
"2020-01-06 00:00:00",119303
"2020-01-07 00:00:00",314057
"2020-01-08 00:00:00",293430
"2020-01-09 00:00:00",298473
"2020-01-10 00:00:00",322250
"2020-01-11 00:00:00",341361
"2020-01-12 00:00:00",185900
"2020-01-13 00:00:00",288074
"2020-01-14 00:00:00",288609
"2020-01-15 00:00:00",289888
"2020-01-16 00:00:00",302184
"2020-01-17 00:00:00",341264
"2020-01-18 00:00:00",332161
"2020-01-19 00:00:00",147681
"2020-01-20 00:00:00",260095
"2020-01-21 00:00:00",221821
"2020-01-22 00:00:00",278618
"2020-01-23 00:00:00",302639
"2020-01-24 00:00:00",340840
"2020-01-25 00:00:00",327127
"2020-01-26 00:00:00",154555
"2020-01-27 00:00:00",284969
"2020-01-28 00:00:00",290606
"2020-01-29 00:00:00",298405
"2020-01-30 00:00:00",318590
"2020-01-31 00:00:00",363309
"2020-02-01 00:00:00",345951
"2020-02-02 00:00:00",173336
"2020-02-03 00:00:00",300110
"2020-02-04 00:00:00",300870
"2020-02-05 00:00:00",306497
"2020-02-06 00:00:00",315832
"2020-02-07 00:00:00",352247
"2020-02-08 00:00:00",334405
"2020-02-09 00:00:00",164046
"2020-02-10 00:00:00",298615
"2020-02-11 00:00:00",300633
"2020-02-12 00:00:00",301365
"2020-02-13 00:00:00",323180
"2020-02-14 00:00:00",374148
"2020-02-15 00:00:00",339789
"2020-02-16 00:00:00",166964
"2020-02-17 00:00:00",298988
"2020-02-18 00:00:00",300970
"2020-02-19 00:00:00",306062
"2020-02-20 00:00:00",318512
"2020-02-21 00:00:00",346245
"2020-02-22 00:00:00",312981
"2020-02-23 00:00:00",161194
"2020-02-24 00:00:00",292992
"2020-02-25 00:00:00",302462
"2020-02-26 00:00:00",303488
"2020-02-27 00:00:00",320575
"2020-02-28 00:00:00",366795
"2020-02-29 00:00:00",344115
"2020-03-01 00:00:00",175886
"2020-03-02 00:00:00",299597
"2020-03-03 00:00:00",308638
"2020-03-04 00:00:00",314094
"2020-03-05 00:00:00",324652
"2020-03-06 00:00:00",367206
"2020-03-07 00:00:00",343194
"2020-03-08 00:00:00",169940
"2020-03-09 00:00:00",305449
"2020-03-10 00:00:00",324268
"2020-03-11 00:00:00",328346
"2020-03-12 00:00:00",356145
"2020-03-13 00:00:00",376867
"2020-03-14 00:00:00",204598
"2020-03-15 00:00:00",52245
"2020-03-16 00:00:00",117439
"2020-03-17 00:00:00",133948
"2020-03-18 00:00:00",125049
"2020-03-19 00:00:00",126636
"2020-03-20 00:00:00",151214
"2020-03-21 00:00:00",136481
"2020-03-22 00:00:00",39730
"2020-03-23 00:00:00",112747
"2020-03-24 00:00:00",123270
"2020-03-25 00:00:00",114541
"2020-03-26 00:00:00",117519
"2020-03-27 00:00:00",143338
"2020-03-28 00:00:00",136793
"2020-03-29 00:00:00",39214
"2020-03-30 00:00:00",103322
"2020-03-31 00:00:00",119815
"2020-04-01 00:00:00",104195
"2020-04-02 00:00:00",130575
"2020-04-03 00:00:00",156880
"2020-04-04 00:00:00",148922
"2020-04-05 00:00:00",41130
"2020-04-06 00:00:00",121429
"2020-04-07 00:00:00",140171
"2020-04-08 00:00:00",161220
"2020-04-09 00:00:00",188018
"2020-04-10 00:00:00",43761
"2020-04-11 00:00:00",169953
"2020-04-12 00:00:00",46098
"2020-04-13 00:00:00",42175
"2020-04-14 00:00:00",161884
"2020-04-15 00:00:00",147911
"2020-04-16 00:00:00",145643
"2020-04-17 00:00:00",165987
"2020-04-18 00:00:00",158246
"2020-04-19 00:00:00",33185
"2020-04-20 00:00:00",112558
"2020-04-21 00:00:00",105980
"2020-04-22 00:00:00",157252
"2020-04-23 00:00:00",162037
"2020-04-24 00:00:00",170518
"2020-04-25 00:00:00",167621
"2020-04-26 00:00:00",53813
"2020-04-27 00:00:00",130832
"2020-04-28 00:00:00",147094
"2020-04-29 00:00:00",157316
"2020-04-30 00:00:00",195715
"2020-05-01 00:00:00",61721
"2020-05-02 00:00:00",216719
"2020-05-03 00:00:00",72788
"2020-05-04 00:00:00",177277
"2020-05-05 00:00:00",184012
"2020-05-06 00:00:00",184547
"2020-05-07 00:00:00",186328
"2020-05-08 00:00:00",214220
"2020-05-09 00:00:00",203384
"2020-05-10 00:00:00",60295
"2020-05-11 00:00:00",184281
"2020-05-12 00:00:00",191330
"2020-05-13 00:00:00",192071
"2020-05-14 00:00:00",170098
"2020-05-15 00:00:00",236989
"2020-05-16 00:00:00",208656
"2020-05-17 00:00:00",78418
"2020-05-18 00:00:00",203355
"2020-05-19 00:00:00",213368
"2020-05-20 00:00:00",213551
"2020-05-21 00:00:00",222763
"2020-05-22 00:00:00",258266
"2020-05-23 00:00:00",253760
"2020-05-24 00:00:00",83804
"2020-05-25 00:00:00",235565
"2020-05-26 00:00:00",243653
"2020-05-27 00:00:00",243879
"2020-05-28 00:00:00",251707
"2020-05-29 00:00:00",273144
"2020-05-30 00:00:00",302443
"2020-05-31 00:00:00",117366
"2020-06-01 00:00:00",120276
"2020-06-02 00:00:00",279975
"2020-06-03 00:00:00",252849
"2020-06-04 00:00:00",261083
"2020-06-05 00:00:00",307604
"2020-06-06 00:00:00",298189
"2020-06-07 00:00:00",98541
"2020-06-08 00:00:00",261535
"2020-06-09 00:00:00",245492
"2020-06-10 00:00:00",288255
"2020-06-11 00:00:00",284299
"2020-06-12 00:00:00",334829
"2020-06-13 00:00:00",327520
"2020-06-14 00:00:00",129589
"2020-06-15 00:00:00",279210
"2020-06-16 00:00:00",271576
"2020-06-17 00:00:00",294851
"2020-06-18 00:00:00",283495
"2020-06-19 00:00:00",337318
"2020-06-20 00:00:00",319425
"2020-06-21 00:00:00",133511
"2020-06-22 00:00:00",311449
"2020-06-23 00:00:00",340797
"2020-06-24 00:00:00",111811
"2020-06-25 00:00:00",317781
"2020-06-26 00:00:00",339097
"2020-06-27 00:00:00",304955
"2020-06-28 00:00:00",130397
"2020-06-29 00:00:00",311844
"2020-06-30 00:00:00",320509
"2020-07-01 00:00:00",327114
"2020-07-02 00:00:00",331407
"2020-07-03 00:00:00",349926
"2020-07-04 00:00:00",319068
"2020-07-05 00:00:00",157679
"2020-07-06 00:00:00",308088
"2020-07-07 00:00:00",316016
"2020-07-08 00:00:00",316554
"2020-07-09 00:00:00",324685
"2020-07-10 00:00:00",342200
"2020-07-11 00:00:00",296922
"2020-07-12 00:00:00",135613
"2020-07-13 00:00:00",293926
"2020-07-14 00:00:00",311162
"2020-07-15 00:00:00",309250
"2020-07-16 00:00:00",304224
"2020-07-17 00:00:00",318466
"2020-07-18 00:00:00",263451
"2020-07-19 00:00:00",116956
"2020-07-20 00:00:00",266789
"2020-07-21 00:00:00",271621
"2020-07-22 00:00:00",272543
"2020-07-23 00:00:00",283176
"2020-07-24 00:00:00",290195
"2020-07-25 00:00:00",251533
"2020-07-26 00:00:00",109217
"2020-07-27 00:00:00",261887
"2020-07-28 00:00:00",270164
"2020-07-29 00:00:00",273406
"2020-07-30 00:00:00",284825
"2020-07-31 00:00:00",295370
"2020-08-01 00:00:00",250150
"2020-08-02 00:00:00",113380
"2020-08-03 00:00:00",245188
"2020-08-04 00:00:00",242652
"2020-08-05 00:00:00",243334
"2020-08-06 00:00:00",245025
"2020-08-07 00:00:00",256197
"2020-08-08 00:00:00",219030
"2020-08-09 00:00:00",107093
"2020-08-10 00:00:00",219789
"2020-08-11 00:00:00",213565
"2020-08-12 00:00:00",214113
"2020-08-13 00:00:00",212892
"2020-08-14 00:00:00",235365
"2020-08-15 00:00:00",146918
"2020-08-16 00:00:00",105412
"2020-08-17 00:00:00",218173
"2020-08-18 00:00:00",205400
"2020-08-19 00:00:00",200405
"2020-08-20 00:00:00",201844
"2020-08-21 00:00:00",212230
"2020-08-22 00:00:00",196840
"2020-08-23 00:00:00",102996
"2020-08-24 00:00:00",223371
"2020-08-25 00:00:00",222527
"2020-08-26 00:00:00",225821
"2020-08-27 00:00:00",232205
"2020-08-28 00:00:00",259335
"2020-08-29 00:00:00",234898
"2020-08-30 00:00:00",124383
"2020-08-31 00:00:00",278048
"2020-09-01 00:00:00",279994
"2020-09-02 00:00:00",282222
"2020-09-03 00:00:00",282884
"2020-09-04 00:00:00",308529
"2020-09-05 00:00:00",282040
"2020-09-06 00:00:00",132820
"2020-09-07 00:00:00",274930
"2020-09-08 00:00:00",302094
"2020-09-09 00:00:00",280095
"2020-09-10 00:00:00",340736
"2020-09-11 00:00:00",150939
"2020-09-12 00:00:00",301133
"2020-09-13 00:00:00",133706
"2020-09-14 00:00:00",307859
"2020-09-15 00:00:00",307547
"2020-09-16 00:00:00",303139
"2020-09-17 00:00:00",307847
"2020-09-18 00:00:00",327865
"2020-09-19 00:00:00",323033
"2020-09-20 00:00:00",145041
"2020-09-21 00:00:00",278056
"2020-09-22 00:00:00",304472
"2020-09-23 00:00:00",334964
"2020-09-24 00:00:00",157336
"2020-09-25 00:00:00",338278
"2020-09-26 00:00:00",310801
"2020-09-27 00:00:00",130834
"2020-09-28 00:00:00",303180
"2020-09-29 00:00:00",316823
"2020-09-30 00:00:00",323221
"2020-10-01 00:00:00",327873
"2020-10-02 00:00:00",342204
"2020-10-03 00:00:00",365577
"2020-10-04 00:00:00",155499
"2020-10-05 00:00:00",315173
"2020-10-06 00:00:00",320870
"2020-10-07 00:00:00",318773
"2020-10-08 00:00:00",326140
"2020-10-09 00:00:00",367088
"2020-10-10 00:00:00",308804
"2020-10-11 00:00:00",151962
"2020-10-12 00:00:00",169187
"2020-10-13 00:00:00",320880
"2020-10-14 00:00:00",313488
"2020-10-15 00:00:00",327859
"2020-10-16 00:00:00",317394
"2020-10-17 00:00:00",291290
"2020-10-18 00:00:00",106958
"2020-10-19 00:00:00",256540
"2020-10-20 00:00:00",260071
"2020-10-21 00:00:00",258798
"2020-10-22 00:00:00",259185
"2020-10-23 00:00:00",310137
"2020-10-24 00:00:00",284473
"2020-10-25 00:00:00",108956
"2020-10-26 00:00:00",258206
"2020-10-27 00:00:00",267598
"2020-10-28 00:00:00",269954
"2020-10-29 00:00:00",290788
"2020-10-30 00:00:00",316348
"2020-10-31 00:00:00",289061
"2020-11-01 00:00:00",104391
"2020-11-02 00:00:00",250383
"2020-11-03 00:00:00",255494
"2020-11-04 00:00:00",252602
"2020-11-05 00:00:00",272534
"2020-11-06 00:00:00",305803
"2020-11-07 00:00:00",263265
"2020-11-08 00:00:00",112005
"2020-11-09 00:00:00",263985
"2020-11-10 00:00:00",272421
"2020-11-11 00:00:00",273269
"2020-11-12 00:00:00",274336
"2020-11-13 00:00:00",311886
"2020-11-14 00:00:00",297519
"2020-11-15 00:00:00",113781
"2020-11-16 00:00:00",262304
"2020-11-17 00:00:00",272996
"2020-11-18 00:00:00",272353
"2020-11-19 00:00:00",278496
"2020-11-20 00:00:00",315411
"2020-11-21 00:00:00",300072
"2020-11-22 00:00:00",110822
"2020-11-23 00:00:00",288445
"2020-11-24 00:00:00",298933
"2020-11-25 00:00:00",308809
"2020-11-26 00:00:00",315380
"2020-11-27 00:00:00",358451
"2020-11-28 00:00:00",320296
"2020-11-29 00:00:00",166156
"2020-11-30 00:00:00",310227
"2020-12-01 00:00:00",321353
"2020-12-02 00:00:00",324059
"2020-12-03 00:00:00",329076
"2020-12-04 00:00:00",364868
"2020-12-05 00:00:00",349804
"2020-12-06 00:00:00",144778
"2020-12-07 00:00:00",361201
"2020-12-08 00:00:00",186784
"2020-12-09 00:00:00",341961
"2020-12-10 00:00:00",342574
"2020-12-11 00:00:00",368460
"2020-12-12 00:00:00",363548
"2020-12-13 00:00:00",164078
"2020-12-14 00:00:00",331252
"2020-12-15 00:00:00",344953
"2020-12-16 00:00:00",350884
"2020-12-17 00:00:00",354453
"2020-12-18 00:00:00",370325
"2020-12-19 00:00:00",388723
"2020-12-20 00:00:00",191779
"2020-12-21 00:00:00",366464
"2020-12-22 00:00:00",377300
"2020-12-23 00:00:00",422003
"2020-12-24 00:00:00",389348
"2020-12-25 00:00:00",56693
"2020-12-26 00:00:00",98141
"2020-12-27 00:00:00",141216
"2020-12-28 00:00:00",303518
"2020-12-29 00:00:00",320057
"2020-12-30 00:00:00",358339
"2020-12-31 00:00:00",357697
"2021-01-01 00:00:00",53910
"2021-01-02 00:00:00",291013
"2021-01-03 00:00:00",156604
"2021-01-04 00:00:00",354073
"2021-01-05 00:00:00",418996
"2021-01-06 00:00:00",99876
"2021-01-07 00:00:00",258373
"2021-01-08 00:00:00",295898
"2021-01-09 00:00:00",185029
"2021-01-10 00:00:00",90310
"2021-01-11 00:00:00",269429
"2021-01-12 00:00:00",267659
"2021-01-13 00:00:00",267218
"2021-01-14 00:00:00",271938
"2021-01-15 00:00:00",315783
"2021-01-16 00:00:00",251941
"2021-01-17 00:00:00",118480
"2021-01-18 00:00:00",263858
"2021-01-19 00:00:00",269751
"2021-01-20 00:00:00",264363
"2021-01-21 00:00:00",275738
"2021-01-22 00:00:00",301334
"2021-01-23 00:00:00",258576
"2021-01-24 00:00:00",121602
"2021-01-25 00:00:00",269016
"2021-01-26 00:00:00",273976
"2021-01-27 00:00:00",274431
"2021-01-28 00:00:00",286047
"2021-01-29 00:00:00",342495
"2021-01-30 00:00:00",269266
"2021-01-31 00:00:00",126247
"2021-02-01 00:00:00",280322
"2021-02-02 00:00:00",285904
"2021-02-03 00:00:00",287557
"2021-02-04 00:00:00",290172
"2021-02-05 00:00:00",344073
"2021-02-06 00:00:00",274624
"2021-02-07 00:00:00",125622
"2021-02-08 00:00:00",277318
"2021-02-09 00:00:00",293237
"2021-02-10 00:00:00",294017
"2021-02-11 00:00:00",311953
"2021-02-12 00:00:00",343271
"2021-02-13 00:00:00",287925
"2021-02-14 00:00:00",131428
"2021-02-15 00:00:00",276351
"2021-02-16 00:00:00",285665
"2021-02-17 00:00:00",288071
"2021-02-18 00:00:00",294259
"2021-02-19 00:00:00",346129
"2021-02-20 00:00:00",277187
"2021-02-21 00:00:00",127229
"2021-02-22 00:00:00",251591
"2021-02-23 00:00:00",294630
"2021-02-24 00:00:00",292833
"2021-02-25 00:00:00",311018
"2021-02-26 00:00:00",366357
"2021-02-27 00:00:00",297839
"2021-02-28 00:00:00",148110
"2021-03-01 00:00:00",306658
"2021-03-02 00:00:00",308706
"2021-03-03 00:00:00",313676
"2021-03-04 00:00:00",316936
"2021-03-05 00:00:00",375130
"2021-03-06 00:00:00",293779
"2021-03-07 00:00:00",136328
"2021-03-08 00:00:00",297756
"2021-03-09 00:00:00",316450
"2021-03-10 00:00:00",320636
"2021-03-11 00:00:00",326327
"2021-03-12 00:00:00",372891
"2021-03-13 00:00:00",305076
"2021-03-14 00:00:00",149415
"2021-03-15 00:00:00",315381
"2021-03-16 00:00:00",319126
"2021-03-17 00:00:00",320833
"2021-03-18 00:00:00",325838
"2021-03-19 00:00:00",358138
"2021-03-20 00:00:00",330969
"2021-03-21 00:00:00",149489
"2021-03-22 00:00:00",289434
"2021-03-23 00:00:00",311845
"2021-03-24 00:00:00",317155
"2021-03-25 00:00:00",332173
"2021-03-26 00:00:00",370878
"2021-03-27 00:00:00",331419
"2021-03-28 00:00:00",138579
"2021-03-29 00:00:00",305362
"2021-03-30 00:00:00",320573
"2021-03-31 00:00:00",334427
"2021-04-01 00:00:00",348618
"2021-04-02 00:00:00",140346
"2021-04-03 00:00:00",289995
"2021-04-04 00:00:00",130711
"2021-04-05 00:00:00",152387
"2021-04-06 00:00:00",346605
"2021-04-07 00:00:00",329809
"2021-04-08 00:00:00",337225
"2021-04-09 00:00:00",367301
"2021-04-10 00:00:00",331217
"2021-04-11 00:00:00",150010
"2021-04-12 00:00:00",308707
"2021-04-13 00:00:00",320190
"2021-04-14 00:00:00",321040
"2021-04-15 00:00:00",328627
"2021-04-16 00:00:00",370900
"2021-04-17 00:00:00",357927
"2021-04-18 00:00:00",166644
"2021-04-19 00:00:00",310674
"2021-04-20 00:00:00",315949
"2021-04-21 00:00:00",312620
"2021-04-22 00:00:00",339017
"2021-04-23 00:00:00",437786
"2021-04-24 00:00:00",359640
"2021-04-25 00:00:00",159652
"2021-04-26 00:00:00",294935
"2021-04-27 00:00:00",328283
"2021-04-28 00:00:00",327356
"2021-04-29 00:00:00",346092
"2021-04-30 00:00:00",439249
"2021-05-01 00:00:00",192626
"2021-05-02 00:00:00",181638
"2021-05-03 00:00:00",347556
"2021-05-04 00:00:00",345000
"2021-05-05 00:00:00",341179
"2021-05-06 00:00:00",352438
"2021-05-07 00:00:00",398089
"2021-05-08 00:00:00",358322
"2021-05-09 00:00:00",175022
"2021-05-10 00:00:00",334420
"2021-05-11 00:00:00",352717
"2021-05-12 00:00:00",352348
"2021-05-13 00:00:00",368835
"2021-05-14 00:00:00",410864
"2021-05-15 00:00:00",372193
"2021-05-16 00:00:00",171632
"2021-05-17 00:00:00",331321
"2021-05-18 00:00:00",342812
"2021-05-19 00:00:00",347961
"2021-05-20 00:00:00",364031
"2021-05-21 00:00:00",393222
"2021-05-22 00:00:00",331889
"2021-05-23 00:00:00",158764
"2021-05-24 00:00:00",173800
"2021-05-25 00:00:00",362157
"2021-05-26 00:00:00",358555
"2021-05-27 00:00:00",369863
"2021-05-28 00:00:00",426345
"2021-05-29 00:00:00",392265
"2021-05-30 00:00:00",186131
"2021-05-31 00:00:00",357022
"2021-06-01 00:00:00",352935
"2021-06-02 00:00:00",379835
"2021-06-03 00:00:00",384921
"2021-06-04 00:00:00",429353
"2021-06-05 00:00:00",395510
"2021-06-06 00:00:00",190718
"2021-06-07 00:00:00",364076
"2021-06-08 00:00:00",374957
"2021-06-09 00:00:00",377223
"2021-06-10 00:00:00",397012
"2021-06-11 00:00:00",432380
"2021-06-12 00:00:00",384201
"2021-06-13 00:00:00",194109
"2021-06-14 00:00:00",373416
"2021-06-15 00:00:00",383155
"2021-06-16 00:00:00",385442
"2021-06-17 00:00:00",380002
"2021-06-18 00:00:00",424332
"2021-06-19 00:00:00",372610
"2021-06-20 00:00:00",190269
"2021-06-21 00:00:00",375881
"2021-06-22 00:00:00",394258
"2021-06-23 00:00:00",392616
"2021-06-24 00:00:00",157636
"2021-06-25 00:00:00",368264
"2021-06-26 00:00:00",321896
"2021-06-27 00:00:00",180356
"2021-06-28 00:00:00",379229
"2021-06-29 00:00:00",389034
"2021-06-30 00:00:00",395928
"2021-07-01 00:00:00",404929
"2021-07-02 00:00:00",416517
"2021-07-03 00:00:00",369310
"2021-07-04 00:00:00",209531
"2021-07-05 00:00:00",375570
"2021-07-06 00:00:00",372298
"2021-07-07 00:00:00",380525
"2021-07-08 00:00:00",382916
"2021-07-09 00:00:00",405738
"2021-07-10 00:00:00",351035
"2021-07-11 00:00:00",183699
"2021-07-12 00:00:00",359572
"2021-07-13 00:00:00",364770
"2021-07-14 00:00:00",367974
"2021-07-15 00:00:00",374884
"2021-07-16 00:00:00",392048
"2021-07-17 00:00:00",333245
"2021-07-18 00:00:00",176416
"2021-07-19 00:00:00",354313
"2021-07-20 00:00:00",356805
"2021-07-21 00:00:00",359946
"2021-07-22 00:00:00",366271
"2021-07-23 00:00:00",381220
"2021-07-24 00:00:00",318904
"2021-07-25 00:00:00",172500
"2021-07-26 00:00:00",347209
"2021-07-27 00:00:00",351748
"2021-07-28 00:00:00",356265
"2021-07-29 00:00:00",368003
"2021-07-30 00:00:00",383403
"2021-07-31 00:00:00",324126
"2021-08-01 00:00:00",176816
"2021-08-02 00:00:00",321537
"2021-08-03 00:00:00",315674
"2021-08-04 00:00:00",308779
"2021-08-05 00:00:00",318755
"2021-08-06 00:00:00",326358
"2021-08-07 00:00:00",282540
"2021-08-08 00:00:00",163701
"2021-08-09 00:00:00",282284
"2021-08-10 00:00:00",280353
"2021-08-11 00:00:00",275074
"2021-08-12 00:00:00",274652
"2021-08-13 00:00:00",286958
"2021-08-14 00:00:00",258815
"2021-08-15 00:00:00",162435
"2021-08-16 00:00:00",270996
"2021-08-17 00:00:00",265391
"2021-08-18 00:00:00",262687
"2021-08-19 00:00:00",264352
"2021-08-20 00:00:00",275342
"2021-08-21 00:00:00",253639
"2021-08-22 00:00:00",155923
"2021-08-23 00:00:00",275066
"2021-08-24 00:00:00",273515
"2021-08-25 00:00:00",280943
"2021-08-26 00:00:00",282867
"2021-08-27 00:00:00",305897
"2021-08-28 00:00:00",283798
"2021-08-29 00:00:00",171011
"2021-08-30 00:00:00",317932
"2021-08-31 00:00:00",342536
"2021-09-01 00:00:00",349159
"2021-09-02 00:00:00",357183
"2021-09-03 00:00:00",377036
"2021-09-04 00:00:00",355598
"2021-09-05 00:00:00",194245
"2021-09-06 00:00:00",362631
"2021-09-07 00:00:00",371678
"2021-09-08 00:00:00",378232
"2021-09-09 00:00:00",386264
"2021-09-10 00:00:00",432334
"2021-09-11 00:00:00",255874
"2021-09-12 00:00:00",228390
"2021-09-13 00:00:00",397162
"2021-09-14 00:00:00",391082
"2021-09-15 00:00:00",392157
"2021-09-16 00:00:00",398003
"2021-09-17 00:00:00",431842
"2021-09-18 00:00:00",375510
"2021-09-19 00:00:00",211238
"2021-09-20 00:00:00",346558
"2021-09-21 00:00:00",384047
"2021-09-22 00:00:00",388003
"2021-09-23 00:00:00",418360
"2021-09-24 00:00:00",239663
"2021-09-25 00:00:00",381392
"2021-09-26 00:00:00",205811
"2021-09-27 00:00:00",385524
"2021-09-28 00:00:00",391422
"2021-09-29 00:00:00",396166
"2021-09-30 00:00:00",422250
"2021-10-01 00:00:00",465333
"2021-10-02 00:00:00",440016
"2021-10-03 00:00:00",229381
"2021-10-04 00:00:00",369526
"2021-10-05 00:00:00",403869
"2021-10-06 00:00:00",406050
"2021-10-07 00:00:00",419429
"2021-10-08 00:00:00",457241
"2021-10-09 00:00:00",408565
"2021-10-10 00:00:00",218187
"2021-10-11 00:00:00",419230
"2021-10-12 00:00:00",220951
"2021-10-13 00:00:00",406590
"2021-10-14 00:00:00",410170
"2021-10-15 00:00:00",452589
"2021-10-16 00:00:00",426062
"2021-10-17 00:00:00",228854
"2021-10-18 00:00:00",380923
"2021-10-19 00:00:00",394988
"2021-10-20 00:00:00",397277
"2021-10-21 00:00:00",407834
"2021-10-22 00:00:00",457125
"2021-10-23 00:00:00",434231
"2021-10-24 00:00:00",235940
"2021-10-25 00:00:00",391171
"2021-10-26 00:00:00",401155
"2021-10-27 00:00:00",410348
"2021-10-28 00:00:00",439759
"2021-10-29 00:00:00",487128
"2021-10-30 00:00:00",420609
"2021-10-31 00:00:00",263025
"2021-11-01 00:00:00",249549
"2021-11-02 00:00:00",423742
"2021-11-03 00:00:00",414422
"2021-11-04 00:00:00",425805
"2021-11-05 00:00:00",478526
"2021-11-06 00:00:00",459935
"2021-11-07 00:00:00",236180
"2021-11-08 00:00:00",400556
"2021-11-09 00:00:00",400274
"2021-11-10 00:00:00",379789
"2021-11-11 00:00:00",420243
"2021-11-12 00:00:00",473691
"2021-11-13 00:00:00",456369
"2021-11-14 00:00:00",232199
"2021-11-15 00:00:00",384728
"2021-11-16 00:00:00",384524
"2021-11-17 00:00:00",405614
"2021-11-18 00:00:00",415570
"2021-11-19 00:00:00",463500
"2021-11-20 00:00:00",440061
"2021-11-21 00:00:00",230460
"2021-11-22 00:00:00",379627
"2021-11-23 00:00:00",344743
"2021-11-24 00:00:00",382113
"2021-11-25 00:00:00",417010
"2021-11-26 00:00:00",510526
"2021-11-27 00:00:00",470198
"2021-11-28 00:00:00",259730
"2021-11-29 00:00:00",407252
"2021-11-30 00:00:00",421965
"2021-12-01 00:00:00",419655
"2021-12-02 00:00:00",449903
"2021-12-03 00:00:00",489385
"2021-12-04 00:00:00",447290
"2021-12-05 00:00:00",266336
"2021-12-06 00:00:00",274923
"2021-12-07 00:00:00",426212
"2021-12-08 00:00:00",261317
"2021-12-09 00:00:00",430757
"2021-12-10 00:00:00",469280
"2021-12-11 00:00:00",465627
"2021-12-12 00:00:00",265929
"2021-12-13 00:00:00",408574
"2021-12-14 00:00:00",420898
"2021-12-15 00:00:00",434124
"2021-12-16 00:00:00",448793
"2021-12-17 00:00:00",500275
"2021-12-18 00:00:00",490797
"2021-12-19 00:00:00",288066
"2021-12-20 00:00:00",443508
"2021-12-21 00:00:00",460234
"2021-12-22 00:00:00",453834
"2021-12-23 00:00:00",512519
"2021-12-24 00:00:00",471301
"2021-12-25 00:00:00",110247
"2021-12-26 00:00:00",149214
"2021-12-27 00:00:00",362283
"2021-12-28 00:00:00",370807
"2021-12-29 00:00:00",388210
"2021-12-30 00:00:00",424532
"2021-12-31 00:00:00",419651
"2022-01-01 00:00:00",124374
"2022-01-02 00:00:00",233862
"2022-01-03 00:00:00",399703
"2022-01-04 00:00:00",429740
"2022-01-05 00:00:00",468530
"2022-01-06 00:00:00",159919
"2022-01-07 00:00:00",396205
"2022-01-08 00:00:00",362778
"2022-01-09 00:00:00",208163
"2022-01-10 00:00:00",347987
"2022-01-11 00:00:00",364665
"2022-01-12 00:00:00",359759
"2022-01-13 00:00:00",365802
"2022-01-14 00:00:00",411180
"2022-01-15 00:00:00",399262
"2022-01-16 00:00:00",191882
"2022-01-17 00:00:00",359363
"2022-01-18 00:00:00",360732
"2022-01-19 00:00:00",360368
"2022-01-20 00:00:00",371875
"2022-01-21 00:00:00",416708
"2022-01-22 00:00:00",394812
"2022-01-23 00:00:00",191684
"2022-01-24 00:00:00",351995
"2022-01-25 00:00:00",363283
"2022-01-26 00:00:00",368828
"2022-01-27 00:00:00",381549
"2022-01-28 00:00:00",439417
"2022-01-29 00:00:00",421848
"2022-01-30 00:00:00",212018
"2022-01-31 00:00:00",372121
"2022-02-01 00:00:00",387340
"2022-02-02 00:00:00",392836
"2022-02-03 00:00:00",402164
"2022-02-04 00:00:00",449093
"2022-02-05 00:00:00",418369
"2022-02-06 00:00:00",224813
"2022-02-07 00:00:00",383033
"2022-02-08 00:00:00",390468
"2022-02-09 00:00:00",397405
"2022-02-10 00:00:00",409438
"2022-02-11 00:00:00",462242
"2022-02-12 00:00:00",426413
"2022-02-13 00:00:00",232800
"2022-02-14 00:00:00",407912
"2022-02-15 00:00:00",393507
"2022-02-16 00:00:00",396544
"2022-02-17 00:00:00",409661
"2022-02-18 00:00:00",459523
"2022-02-19 00:00:00",417091
"2022-02-20 00:00:00",236394
"2022-02-21 00:00:00",384549
"2022-02-22 00:00:00",398299
"2022-02-23 00:00:00",402467
"2022-02-24 00:00:00",421973
"2022-02-25 00:00:00",466975
"2022-02-26 00:00:00",424401
"2022-02-27 00:00:00",244224
"2022-02-28 00:00:00",400386
"2022-03-01 00:00:00",415395
"2022-03-02 00:00:00",412657
"2022-03-03 00:00:00",437750
"2022-03-04 00:00:00",483457
"2022-03-05 00:00:00",457978
"2022-03-06 00:00:00",232853
"2022-03-07 00:00:00",396795
"2022-03-08 00:00:00",395048
"2022-03-09 00:00:00",409512
"2022-03-10 00:00:00",432738
"2022-03-11 00:00:00",473712
"2022-03-12 00:00:00",402894
"2022-03-13 00:00:00",244488
"2022-03-14 00:00:00",382797
"2022-03-15 00:00:00",398834
"2022-03-16 00:00:00",405938
"2022-03-17 00:00:00",424960
"2022-03-18 00:00:00",475861
"2022-03-19 00:00:00",431186
"2022-03-20 00:00:00",233241
"2022-03-21 00:00:00",382281
"2022-03-22 00:00:00",391635
"2022-03-23 00:00:00",400993
"2022-03-24 00:00:00",417590
"2022-03-25 00:00:00",475236
"2022-03-26 00:00:00",421173
"2022-03-27 00:00:00",244144
"2022-03-28 00:00:00",395485
"2022-03-29 00:00:00",409431
"2022-03-30 00:00:00",408817
"2022-03-31 00:00:00",436711
"2022-04-01 00:00:00",506255
"2022-04-02 00:00:00",476927
"2022-04-03 00:00:00",252585
"2022-04-04 00:00:00",416679
"2022-04-05 00:00:00",429547
"2022-04-06 00:00:00",440777
"2022-04-07 00:00:00",461426
"2022-04-08 00:00:00",502765
"2022-04-09 00:00:00",452123
"2022-04-10 00:00:00",253763
"2022-04-11 00:00:00",394717
"2022-04-12 00:00:00",386611
"2022-04-13 00:00:00",368166
"2022-04-14 00:00:00",422176
"2022-04-15 00:00:00",228155
"2022-04-16 00:00:00",346925
"2022-04-17 00:00:00",219045
"2022-04-18 00:00:00",231237
"2022-04-19 00:00:00",427360
"2022-04-20 00:00:00",408496
"2022-04-21 00:00:00",396848
"2022-04-22 00:00:00",517613
"2022-04-23 00:00:00",513559
"2022-04-24 00:00:00",286061
"2022-04-25 00:00:00",432110
"2022-04-26 00:00:00",440427
"2022-04-27 00:00:00",443081
"2022-04-28 00:00:00",465578
"2022-04-29 00:00:00",529798
"2022-04-30 00:00:00",496942
"2022-05-01 00:00:00",295774
"2022-05-02 00:00:00",435937
"2022-05-03 00:00:00",440813
"2022-05-04 00:00:00",447808
"2022-05-05 00:00:00",465205
"2022-05-06 00:00:00",526038
"2022-05-07 00:00:00",487308
"2022-05-08 00:00:00",276687
"2022-05-09 00:00:00",445402
"2022-05-10 00:00:00",455893
"2022-05-11 00:00:00",469110
"2022-05-12 00:00:00",474631
"2022-05-13 00:00:00",520430
"2022-05-14 00:00:00",476173
"2022-05-15 00:00:00",278537
"2022-05-16 00:00:00",440625
"2022-05-17 00:00:00",448151
"2022-05-18 00:00:00",457092
"2022-05-19 00:00:00",472198
"2022-05-20 00:00:00",510177
"2022-05-21 00:00:00",463554
"2022-05-22 00:00:00",285057
"2022-05-23 00:00:00",444310
"2022-05-24 00:00:00",419777
"2022-05-25 00:00:00",452303
"2022-05-26 00:00:00",486624
"2022-05-27 00:00:00",530341
"2022-05-28 00:00:00",480373
"2022-05-29 00:00:00",283928
"2022-05-30 00:00:00",457218
"2022-05-31 00:00:00",478367
"2022-06-01 00:00:00",499292
"2022-06-02 00:00:00",509421
"2022-06-03 00:00:00",527340
"2022-06-04 00:00:00",474104
"2022-06-05 00:00:00",299057
"2022-06-06 00:00:00",316315
"2022-06-07 00:00:00",511298
"2022-06-08 00:00:00",501517
"2022-06-09 00:00:00",513524
"2022-06-10 00:00:00",545503
"2022-06-11 00:00:00",494744
"2022-06-12 00:00:00",308585
"2022-06-13 00:00:00",483607
"2022-06-14 00:00:00",476745
"2022-06-15 00:00:00",488174
"2022-06-16 00:00:00",502680
"2022-06-17 00:00:00",539945
"2022-06-18 00:00:00",473658
"2022-06-19 00:00:00",292104
"2022-06-20 00:00:00",467757
"2022-06-21 00:00:00",476531
"2022-06-22 00:00:00",497391
"2022-06-23 00:00:00",506515
"2022-06-24 00:00:00",249265
"2022-06-25 00:00:00",419049
"2022-06-26 00:00:00",276913
"2022-06-27 00:00:00",461507
"2022-06-28 00:00:00",478225
"2022-06-29 00:00:00",496994
"2022-06-30 00:00:00",502290
"2022-07-01 00:00:00",526276
"2022-07-02 00:00:00",469689
"2022-07-03 00:00:00",295948
"2022-07-04 00:00:00",477961
"2022-07-05 00:00:00",478493
"2022-07-06 00:00:00",478247
"2022-07-07 00:00:00",493972
"2022-07-08 00:00:00",513834
"2022-07-09 00:00:00",448640
"2022-07-10 00:00:00",288398
"2022-07-11 00:00:00",465919
"2022-07-12 00:00:00",469310
"2022-07-13 00:00:00",481764
"2022-07-14 00:00:00",487756
"2022-07-15 00:00:00",504215
"2022-07-16 00:00:00",438380
"2022-07-17 00:00:00",284219
"2022-07-18 00:00:00",447435
"2022-07-19 00:00:00",453000
"2022-07-20 00:00:00",464640
"2022-07-21 00:00:00",463262
"2022-07-22 00:00:00",475434
"2022-07-23 00:00:00",410585
"2022-07-24 00:00:00",274027
"2022-07-25 00:00:00",438245
"2022-07-26 00:00:00",440407
"2022-07-27 00:00:00",453128
"2022-07-28 00:00:00",458940
"2022-07-29 00:00:00",478695
"2022-07-30 00:00:00",427533
"2022-07-31 00:00:00",269130
"2022-08-01 00:00:00",409605
"2022-08-02 00:00:00",407171
"2022-08-03 00:00:00",410561
"2022-08-04 00:00:00",404270
"2022-08-05 00:00:00",388275
"2022-08-06 00:00:00",375768
"2022-08-07 00:00:00",258001
"2022-08-08 00:00:00",366955
"2022-08-09 00:00:00",358505
"2022-08-10 00:00:00",365352
"2022-08-11 00:00:00",360848
"2022-08-12 00:00:00",367467
"2022-08-13 00:00:00",338907
"2022-08-14 00:00:00",246594
"2022-08-15 00:00:00",260316
"2022-08-16 00:00:00",352756
"2022-08-17 00:00:00",333137
"2022-08-18 00:00:00",325740
"2022-08-19 00:00:00",357362
"2022-08-20 00:00:00",335096
"2022-08-21 00:00:00",225369
"2022-08-22 00:00:00",335789
"2022-08-23 00:00:00",330388
"2022-08-24 00:00:00",341746
"2022-08-25 00:00:00",347644
"2022-08-26 00:00:00",368796
"2022-08-27 00:00:00",346609
"2022-08-28 00:00:00",248975
"2022-08-29 00:00:00",385819
"2022-08-30 00:00:00",398216
"2022-08-31 00:00:00",380210
"2022-09-01 00:00:00",442265
"2022-09-02 00:00:00",448212
"2022-09-03 00:00:00",427445
"2022-09-04 00:00:00",279897
"2022-09-05 00:00:00",448099
"2022-09-06 00:00:00",451340
"2022-09-07 00:00:00",457967
"2022-09-08 00:00:00",460707
"2022-09-09 00:00:00",486146
"2022-09-10 00:00:00",451010
"2022-09-11 00:00:00",287299
"2022-09-12 00:00:00",448084
"2022-09-13 00:00:00",450370
"2022-09-14 00:00:00",453322
"2022-09-15 00:00:00",468812
"2022-09-16 00:00:00",494024
"2022-09-17 00:00:00",466546
"2022-09-18 00:00:00",283305
"2022-09-19 00:00:00",436856
"2022-09-20 00:00:00",446366
"2022-09-21 00:00:00",452656
"2022-09-22 00:00:00",467380
"2022-09-23 00:00:00",519298
"2022-09-24 00:00:00",352403
"2022-09-25 00:00:00",306321
"2022-09-26 00:00:00",305886
"2022-09-27 00:00:00",477309
"2022-09-28 00:00:00",471212
"2022-09-29 00:00:00",482569
"2022-09-30 00:00:00",533379
"2022-10-01 00:00:00",511295
"2022-10-02 00:00:00",295815
"2022-10-03 00:00:00",466842
"2022-10-04 00:00:00",481543
"2022-10-05 00:00:00",485437
"2022-10-06 00:00:00",497503
"2022-10-07 00:00:00",492615
"2022-10-08 00:00:00",514058
"2022-10-09 00:00:00",297065
"2022-10-10 00:00:00",459805
"2022-10-11 00:00:00",515758
"2022-10-12 00:00:00",321053
"2022-10-13 00:00:00",488104
"2022-10-14 00:00:00",519481
"2022-10-15 00:00:00",486104
"2022-10-16 00:00:00",281655
"2022-10-17 00:00:00",443696
"2022-10-18 00:00:00",457278
"2022-10-19 00:00:00",463344
"2022-10-20 00:00:00",471534
"2022-10-21 00:00:00",521755
"2022-10-22 00:00:00",495932
"2022-10-23 00:00:00",290225
"2022-10-24 00:00:00",428721
"2022-10-25 00:00:00",465420
"2022-10-26 00:00:00",478146
"2022-10-27 00:00:00",493377
"2022-10-28 00:00:00",537873
"2022-10-29 00:00:00",490222
"2022-10-30 00:00:00",292837
"2022-10-31 00:00:00",488160
"2022-11-01 00:00:00",277138
"2022-11-02 00:00:00",483486
"2022-11-03 00:00:00",483853
"2022-11-04 00:00:00",531745
"2022-11-05 00:00:00",515757
"2022-11-06 00:00:00",294768
"2022-11-07 00:00:00",458551
"2022-11-08 00:00:00",465366
"2022-11-09 00:00:00",473580
"2022-11-10 00:00:00",490053
"2022-11-11 00:00:00",547010
"2022-11-12 00:00:00",516241
"2022-11-13 00:00:00",288042
"2022-11-14 00:00:00",443802
"2022-11-15 00:00:00",453304
"2022-11-16 00:00:00",464697
"2022-11-17 00:00:00",473672
"2022-11-18 00:00:00",517397
"2022-11-19 00:00:00",500086
"2022-11-20 00:00:00",277677
"2022-11-21 00:00:00",427943
"2022-11-22 00:00:00",442773
"2022-11-23 00:00:00",456036
"2022-11-24 00:00:00",476470
"2022-11-25 00:00:00",562581
"2022-11-26 00:00:00",526584
"2022-11-27 00:00:00",313313
"2022-11-28 00:00:00",439842
"2022-11-29 00:00:00",472357
"2022-11-30 00:00:00",487148
"2022-12-01 00:00:00",499519
"2022-12-02 00:00:00",544806
"2022-12-03 00:00:00",524088
"2022-12-04 00:00:00",309889
"2022-12-05 00:00:00",500260
"2022-12-06 00:00:00",289020
"2022-12-07 00:00:00",517982
"2022-12-08 00:00:00",308037
"2022-12-09 00:00:00",504022
"2022-12-10 00:00:00",465695
"2022-12-11 00:00:00",287301
"2022-12-12 00:00:00",426018
"2022-12-13 00:00:00",467173
"2022-12-14 00:00:00",497019
"2022-12-15 00:00:00",507137
"2022-12-16 00:00:00",570488
"2022-12-17 00:00:00",553626
"2022-12-18 00:00:00",351578
"2022-12-19 00:00:00",501334
"2022-12-20 00:00:00",524366
"2022-12-21 00:00:00",552046
"2022-12-22 00:00:00",562106
"2022-12-23 00:00:00",612668
"2022-12-24 00:00:00",486057
"2022-12-25 00:00:00",149916
"2022-12-26 00:00:00",207583
"2022-12-27 00:00:00",437826
"2022-12-28 00:00:00",452085
"2022-12-29 00:00:00",469659
"2022-12-30 00:00:00",518364
"2022-12-31 00:00:00",434788
"2023-01-01 00:00:00",174443
"2023-01-02 00:00:00",425730
"2023-01-03 00:00:00",458339
"2023-01-04 00:00:00",502758
"2023-01-05 00:00:00",551777
"2023-01-06 00:00:00",225273
"2023-01-07 00:00:00",450169
"2023-01-08 00:00:00",276565
"2023-01-09 00:00:00",433276
"2023-01-10 00:00:00",438748
"2023-01-11 00:00:00",442192
"2023-01-12 00:00:00",450623
"2023-01-13 00:00:00",502611
"2023-01-14 00:00:00",490816
"2023-01-15 00:00:00",265650
"2023-01-16 00:00:00",422036
"2023-01-17 00:00:00",416014
"2023-01-18 00:00:00",433672
"2023-01-19 00:00:00",441444
"2023-01-20 00:00:00",500557
"2023-01-21 00:00:00",483731
"2023-01-22 00:00:00",267161
"2023-01-23 00:00:00",420325
"2023-01-24 00:00:00",413461
"2023-01-25 00:00:00",448167
"2023-01-26 00:00:00",454649
"2023-01-27 00:00:00",507852
"2023-01-28 00:00:00",482913
"2023-01-29 00:00:00",268794
"2023-01-30 00:00:00",438233
"2023-01-31 00:00:00",457618
"2023-02-01 00:00:00",468465
"2023-02-02 00:00:00",477845
"2023-02-03 00:00:00",528383
"2023-02-04 00:00:00",505082
"2023-02-05 00:00:00",292443
"2023-02-06 00:00:00",435901
"2023-02-07 00:00:00",393535
"2023-02-08 00:00:00",461303
"2023-02-09 00:00:00",472629
"2023-02-10 00:00:00",527306
"2023-02-11 00:00:00",499747
"2023-02-12 00:00:00",281860
"2023-02-13 00:00:00",452803
"2023-02-14 00:00:00",487807
"2023-02-15 00:00:00",464106
"2023-02-16 00:00:00",485161
"2023-02-17 00:00:00",524210
"2023-02-18 00:00:00",480795
"2023-02-19 00:00:00",288945
"2023-02-20 00:00:00",437503
"2023-02-21 00:00:00",448419
"2023-02-22 00:00:00",459698
"2023-02-23 00:00:00",459903
"2023-02-24 00:00:00",527828
"2023-02-25 00:00:00",498794
"2023-02-26 00:00:00",282086
"2023-02-27 00:00:00",435810
"2023-02-28 00:00:00",462254
"2023-03-01 00:00:00",485962
"2023-03-02 00:00:00",493681
"2023-03-03 00:00:00",552440
"2023-03-04 00:00:00",517452
"2023-03-05 00:00:00",304280
"2023-03-06 00:00:00",459138
"2023-03-07 00:00:00",469474
"2023-03-08 00:00:00",483055
"2023-03-09 00:00:00",487450
"2023-03-10 00:00:00",555397
"2023-03-11 00:00:00",510970
"2023-03-12 00:00:00",308892
"2023-03-13 00:00:00",465335
"2023-03-14 00:00:00",476850
"2023-03-15 00:00:00",486093
"2023-03-16 00:00:00",498140
"2023-03-17 00:00:00",538110
"2023-03-18 00:00:00",503804
"2023-03-19 00:00:00",310883
"2023-03-20 00:00:00",457168
"2023-03-21 00:00:00",465152
"2023-03-22 00:00:00",480563
"2023-03-23 00:00:00",490062
"2023-03-24 00:00:00",540655
"2023-03-25 00:00:00",522337
"2023-03-26 00:00:00",310192
"2023-03-27 00:00:00",470059
"2023-03-28 00:00:00",473459
"2023-03-29 00:00:00",498109
"2023-03-30 00:00:00",516583
"2023-03-31 00:00:00",567265
"2023-04-01 00:00:00",515328
"2023-04-02 00:00:00",304007
"2023-04-03 00:00:00",456874
"2023-04-04 00:00:00",453036
"2023-04-05 00:00:00",477152
"2023-04-06 00:00:00",471507
"2023-04-07 00:00:00",267171
"2023-04-08 00:00:00",391697
"2023-04-09 00:00:00",261385
"2023-04-10 00:00:00",280915
"2023-04-11 00:00:00",502901
"2023-04-12 00:00:00",498056
"2023-04-13 00:00:00",507318
"2023-04-14 00:00:00",551115
"2023-04-15 00:00:00",532856
"2023-04-16 00:00:00",319317
"2023-04-17 00:00:00",472131
"2023-04-18 00:00:00",485099
"2023-04-19 00:00:00",501920
"2023-04-20 00:00:00",513374
"2023-04-21 00:00:00",568583
"2023-04-22 00:00:00",552433
"2023-04-23 00:00:00",458931
"2023-04-24 00:00:00",475240
"2023-04-25 00:00:00",492762
"2023-04-26 00:00:00",505886
"2023-04-27 00:00:00",533619
"2023-04-28 00:00:00",567182
"2023-04-29 00:00:00",521586
"2023-04-30 00:00:00",311368
"2023-05-01 00:00:00",299479
"2023-05-02 00:00:00",521353
"2023-05-03 00:00:00",509071
"2023-05-04 00:00:00",518303
"2023-05-05 00:00:00",586881
"2023-05-06 00:00:00",556358
"2023-05-07 00:00:00",332428
"2023-05-08 00:00:00",491354
"2023-05-09 00:00:00",490783
"2023-05-10 00:00:00",513050
"2023-05-11 00:00:00",519492
"2023-05-12 00:00:00",527745
"2023-05-13 00:00:00",519643
"2023-05-14 00:00:00",310670
"2023-05-15 00:00:00",487208
"2023-05-16 00:00:00",500242
"2023-05-17 00:00:00",510740
"2023-05-18 00:00:00",518930
"2023-05-19 00:00:00",547238
"2023-05-20 00:00:00",527009
"2023-05-21 00:00:00",320407
"2023-05-22 00:00:00",473649
"2023-05-23 00:00:00",489771
"2023-05-24 00:00:00",508608
"2023-05-25 00:00:00",480411
"2023-05-26 00:00:00",590264
"2023-05-27 00:00:00",554692
"2023-05-28 00:00:00",362832
"2023-05-29 00:00:00",507935
"2023-05-30 00:00:00",520908
"2023-05-31 00:00:00",535552
"2023-06-01 00:00:00",551433
"2023-06-02 00:00:00",570367
"2023-06-03 00:00:00",501577
"2023-06-04 00:00:00",315759
"2023-06-05 00:00:00",320940
"2023-06-06 00:00:00",539406
"2023-06-07 00:00:00",530226
"2023-06-08 00:00:00",543607
"2023-06-09 00:00:00",590607
"2023-06-10 00:00:00",541320
"2023-06-11 00:00:00",332459
"2023-06-12 00:00:00",504604
"2023-06-13 00:00:00",498860
"2023-06-14 00:00:00",531598
"2023-06-15 00:00:00",547360
"2023-06-16 00:00:00",586659
"2023-06-17 00:00:00",526035
"2023-06-18 00:00:00",330334
"2023-06-19 00:00:00",502215
"2023-06-20 00:00:00",521294
"2023-06-21 00:00:00",532429
"2023-06-22 00:00:00",564378
"2023-06-23 00:00:00",561806
"2023-06-24 00:00:00",302648
"2023-06-25 00:00:00",314173
"2023-06-26 00:00:00",529732
"2023-06-27 00:00:00",526723
"2023-06-28 00:00:00",542482
"2023-06-29 00:00:00",556986
"2023-06-30 00:00:00",574190
"2023-07-01 00:00:00",516020
"2023-07-02 00:00:00",326610
"2023-07-03 00:00:00",513913
"2023-07-04 00:00:00",528611
"2023-07-05 00:00:00",527480
"2023-07-06 00:00:00",532672
"2023-07-07 00:00:00",553751
"2023-07-08 00:00:00",487519
"2023-07-09 00:00:00",318456
"2023-07-10 00:00:00",513506
"2023-07-11 00:00:00",520142
"2023-07-12 00:00:00",532035
"2023-07-13 00:00:00",537447
"2023-07-14 00:00:00",553064
"2023-07-15 00:00:00",488022
"2023-07-16 00:00:00",318526
"2023-07-17 00:00:00",497417
"2023-07-18 00:00:00",504078
"2023-07-19 00:00:00",515977
"2023-07-20 00:00:00",525042
"2023-07-21 00:00:00",535439
"2023-07-22 00:00:00",469791
"2023-07-23 00:00:00",330658
"2023-07-24 00:00:00",483907
"2023-07-25 00:00:00",502277
"2023-07-26 00:00:00",502923
"2023-07-27 00:00:00",499979
"2023-07-28 00:00:00",523928
"2023-07-29 00:00:00",455952
"2023-07-30 00:00:00",304925
"2023-07-31 00:00:00",468525
"2023-08-01 00:00:00",460276
"2023-08-02 00:00:00",461555
"2023-08-03 00:00:00",455054
"2023-08-04 00:00:00",458648
"2023-08-05 00:00:00",405853
"2023-08-06 00:00:00",276609
"2023-08-07 00:00:00",399937
"2023-08-08 00:00:00",392290
"2023-08-09 00:00:00",396358
"2023-08-10 00:00:00",398530
"2023-08-11 00:00:00",409700
"2023-08-12 00:00:00",365779
"2023-08-13 00:00:00",262865
"2023-08-14 00:00:00",378764
"2023-08-15 00:00:00",274559
"2023-08-16 00:00:00",389509
"2023-08-17 00:00:00",373772
"2023-08-18 00:00:00",387476
"2023-08-19 00:00:00",363168
"2023-08-20 00:00:00",266053
"2023-08-21 00:00:00",372163
"2023-08-22 00:00:00",363360
"2023-08-23 00:00:00",373504
"2023-08-24 00:00:00",374015
"2023-08-25 00:00:00",394142
"2023-08-26 00:00:00",349222
"2023-08-27 00:00:00",226269
"2023-08-28 00:00:00",415544
"2023-08-29 00:00:00",421877
"2023-08-30 00:00:00",436595
"2023-08-31 00:00:00",458208
"2023-09-01 00:00:00",486236
"2023-09-02 00:00:00",457589
"2023-09-03 00:00:00",308206
"2023-09-04 00:00:00",487433
"2023-09-05 00:00:00",491296
"2023-09-06 00:00:00",505608
"2023-09-07 00:00:00",505170
"2023-09-08 00:00:00",531596
"2023-09-09 00:00:00",474240
"2023-09-10 00:00:00",310185
"2023-09-11 00:00:00",309491
"2023-09-12 00:00:00",517403
"2023-09-13 00:00:00",511162
"2023-09-14 00:00:00",509381
"2023-09-15 00:00:00",486576
"2023-09-16 00:00:00",520144
"2023-09-17 00:00:00",319857
"2023-09-18 00:00:00",495608
"2023-09-19 00:00:00",493634
"2023-09-20 00:00:00",496813
"2023-09-21 00:00:00",512558
"2023-09-22 00:00:00",555413
"2023-09-23 00:00:00",510366
"2023-09-24 00:00:00",328251
"2023-09-25 00:00:00",308690
"2023-09-26 00:00:00",520832
"2023-09-27 00:00:00",516642
"2023-09-28 00:00:00",535075
"2023-09-29 00:00:00",591543
"2023-09-30 00:00:00",554101
"2023-10-01 00:00:00",332376
"2023-10-02 00:00:00",516964
"2023-10-03 00:00:00",531667
"2023-10-04 00:00:00",539642
"2023-10-05 00:00:00",547621
"2023-10-06 00:00:00",584594
"2023-10-07 00:00:00",546956
"2023-10-08 00:00:00",338354
"2023-10-09 00:00:00",503406
"2023-10-10 00:00:00",522877
"2023-10-11 00:00:00",568412
"2023-10-12 00:00:00",335752
"2023-10-13 00:00:00",525146
"2023-10-14 00:00:00",475606
"2023-10-15 00:00:00",282091
"2023-10-16 00:00:00",467883
"2023-10-17 00:00:00",495999
"2023-10-18 00:00:00",508215
"2023-10-19 00:00:00",508712
"2023-10-20 00:00:00",569282
"2023-10-21 00:00:00",539700
"2023-10-22 00:00:00",321175
"2023-10-23 00:00:00",486609
"2023-10-24 00:00:00",502678
"2023-10-25 00:00:00",517647
"2023-10-26 00:00:00",529611
"2023-10-27 00:00:00",593075
"2023-10-28 00:00:00",563191
"2023-10-29 00:00:00",336216
"2023-10-30 00:00:00",524695
"2023-10-31 00:00:00",619856
"2023-11-01 00:00:00",372485
"2023-11-02 00:00:00",532060
"2023-11-03 00:00:00",590342
"2023-11-04 00:00:00",563692
"2023-11-05 00:00:00",320790
"2023-11-06 00:00:00",508501
"2023-11-07 00:00:00",514779
"2023-11-08 00:00:00",525432
"2023-11-09 00:00:00",533658
"2023-11-10 00:00:00",594246
"2023-11-11 00:00:00",563015
"2023-11-12 00:00:00",325162
"2023-11-13 00:00:00",494750
"2023-11-14 00:00:00",504497
"2023-11-15 00:00:00",501851
"2023-11-16 00:00:00",516929
"2023-11-17 00:00:00",572765
"2023-11-18 00:00:00",517136
"2023-11-19 00:00:00",318210
"2023-11-20 00:00:00",480934
"2023-11-21 00:00:00",491800
"2023-11-22 00:00:00",504181
"2023-11-23 00:00:00",514336
"2023-11-24 00:00:00",600612
"2023-11-25 00:00:00",565986
"2023-11-26 00:00:00",343646
"2023-11-27 00:00:00",494620
"2023-11-28 00:00:00",511534
"2023-11-29 00:00:00",521018
"2023-11-30 00:00:00",547517
"2023-12-01 00:00:00",597308
"2023-12-02 00:00:00",593700
"2023-12-03 00:00:00",362091
"2023-12-04 00:00:00",515934
"2023-12-05 00:00:00",565156
"2023-12-06 00:00:00",380231
"2023-12-07 00:00:00",549477
"2023-12-08 00:00:00",381845
"2023-12-09 00:00:00",508578
"2023-12-10 00:00:00",329776
"2023-12-11 00:00:00",511038
"2023-12-12 00:00:00",522769
"2023-12-13 00:00:00",531294
"2023-12-14 00:00:00",551299
"2023-12-15 00:00:00",605142
"2023-12-16 00:00:00",603074
"2023-12-17 00:00:00",380540
"2023-12-18 00:00:00",541835
"2023-12-19 00:00:00",563960
"2023-12-20 00:00:00",579981
"2023-12-21 00:00:00",611832
"2023-12-22 00:00:00",645385
"2023-12-23 00:00:00",635624
"2023-12-24 00:00:00",380609
"2023-12-25 00:00:00",161117
"2023-12-26 00:00:00",222767
"2023-12-27 00:00:00",491143
"2023-12-28 00:00:00",496937
"2023-12-29 00:00:00",537971
"2023-12-30 00:00:00",536230
"2023-12-31 00:00:00",345686
"2024-01-01 00:00:00",196029
"2024-01-02 00:00:00",482699
"2024-01-03 00:00:00",509246
"2024-01-04 00:00:00",549709
"2024-01-05 00:00:00",585984
"2024-01-06 00:00:00",262328
"2024-01-07 00:00:00",327040
"2024-01-08 00:00:00",483034
"2024-01-09 00:00:00",478606
"2024-01-10 00:00:00",447327
"2024-01-11 00:00:00",485100
"2024-01-12 00:00:00",544953
"2024-01-13 00:00:00",526082
"2024-01-14 00:00:00",292210
"2024-01-15 00:00:00",466390
"2024-01-16 00:00:00",472884
"2024-01-17 00:00:00",484302
"2024-01-18 00:00:00",495166
"2024-01-19 00:00:00",498467
"2024-01-20 00:00:00",532184
"2024-01-21 00:00:00",298056
"2024-01-22 00:00:00",466654
"2024-01-23 00:00:00",473118
"2024-01-24 00:00:00",485835
"2024-01-25 00:00:00",506854
"2024-01-26 00:00:00",560356
"2024-01-27 00:00:00",531300
"2024-01-28 00:00:00",305330
"2024-01-29 00:00:00",474045
"2024-01-30 00:00:00",495539
"2024-01-31 00:00:00",515663
"2024-02-01 00:00:00",527466
"2024-02-02 00:00:00",578895
"2024-02-03 00:00:00",555214
"2024-02-04 00:00:00",325011
"2024-02-05 00:00:00",497395
"2024-02-06 00:00:00",505424
"2024-02-07 00:00:00",514988
"2024-02-08 00:00:00",532368
"2024-02-09 00:00:00",559706
"2024-02-10 00:00:00",524640
"2024-02-11 00:00:00",316874
"2024-02-12 00:00:00",489248
"2024-02-13 00:00:00",509426
"2024-02-14 00:00:00",543944
"2024-02-15 00:00:00",517563
"2024-02-16 00:00:00",555204
"2024-02-17 00:00:00",530761
"2024-02-18 00:00:00",322502
"2024-02-19 00:00:00",484996
"2024-02-20 00:00:00",495259
"2024-02-21 00:00:00",508696
"2024-02-22 00:00:00",519206
"2024-02-23 00:00:00",570722
"2024-02-24 00:00:00",523646
"2024-02-25 00:00:00",316689
"2024-02-26 00:00:00",485055
"2024-02-27 00:00:00",500088
"2024-02-28 00:00:00",520364
"2024-02-29 00:00:00",550350
"2024-03-01 00:00:00",610635
"2024-03-02 00:00:00",563078
"2024-03-03 00:00:00",324272
"2024-03-04 00:00:00",507377
"2024-03-05 00:00:00",519961
"2024-03-06 00:00:00",527160
"2024-03-07 00:00:00",536739
"2024-03-08 00:00:00",590360
"2024-03-09 00:00:00",472731
"2024-03-10 00:00:00",338788
"2024-03-11 00:00:00",510093
"2024-03-12 00:00:00",520380
"2024-03-13 00:00:00",529186
"2024-03-14 00:00:00",540593
"2024-03-15 00:00:00",589862
"2024-03-16 00:00:00",561644
"2024-03-17 00:00:00",344081
"2024-03-18 00:00:00",508453
"2024-03-19 00:00:00",526637
"2024-03-20 00:00:00",519926
"2024-03-21 00:00:00",535526
"2024-03-22 00:00:00",586902
"2024-03-23 00:00:00",519582
"2024-03-24 00:00:00",301784
"2024-03-25 00:00:00",438511
"2024-03-26 00:00:00",461430
"2024-03-27 00:00:00",498957
"2024-03-28 00:00:00",512825
"2024-03-29 00:00:00",293182
"2024-03-30 00:00:00",430913
"2024-03-31 00:00:00",245757
"2024-04-01 00:00:00",304148
"2024-04-02 00:00:00",537279
"2024-04-03 00:00:00",534375
"2024-04-04 00:00:00",551238
"2024-04-05 00:00:00",597474
"2024-04-06 00:00:00",569176
"2024-04-07 00:00:00",342206
"2024-04-08 00:00:00",517890
"2024-04-09 00:00:00",529591
"2024-04-10 00:00:00",550704
"2024-04-11 00:00:00",560705
"2024-04-12 00:00:00",614773
"2024-04-13 00:00:00",581598
"2024-04-14 00:00:00",362158
"2024-04-15 00:00:00",532183
"2024-04-16 00:00:00",545052
"2024-04-17 00:00:00",539281
"2024-04-18 00:00:00",544446
"2024-04-19 00:00:00",610113
"2024-04-20 00:00:00",575366
"2024-04-21 00:00:00",344087
"2024-04-22 00:00:00",475340
"2024-04-23 00:00:00",649922
"2024-04-24 00:00:00",538579
"2024-04-25 00:00:00",552984
"2024-04-26 00:00:00",611754
"2024-04-27 00:00:00",562511
"2024-04-28 00:00:00",332569
"2024-04-29 00:00:00",434387
"2024-04-30 00:00:00",628620
"2024-05-01 00:00:00",391213
"2024-05-02 00:00:00",613169
"2024-05-03 00:00:00",643411
"2024-05-04 00:00:00",617333
"2024-05-05 00:00:00",380452
"2024-05-06 00:00:00",538552
"2024-05-07 00:00:00",552550
"2024-05-08 00:00:00",568728
"2024-05-09 00:00:00",588399
"2024-05-10 00:00:00",648931
"2024-05-11 00:00:00",591877
"2024-05-12 00:00:00",370371
"2024-05-13 00:00:00",539981
"2024-05-14 00:00:00",506076
"2024-05-15 00:00:00",543182
"2024-05-16 00:00:00",554059
"2024-05-17 00:00:00",582854
"2024-05-18 00:00:00",531295
"2024-05-19 00:00:00",347258
"2024-05-20 00:00:00",344125
"2024-05-21 00:00:00",554647
"2024-05-22 00:00:00",540301
"2024-05-23 00:00:00",561847
"2024-05-24 00:00:00",603703
"2024-05-25 00:00:00",563542
"2024-05-26 00:00:00",356849
"2024-05-27 00:00:00",536302
"2024-05-28 00:00:00",556762
"2024-05-29 00:00:00",572865
"2024-05-30 00:00:00",598779
"2024-05-31 00:00:00",642028
"2024-06-01 00:00:00",581081
"2024-06-02 00:00:00",376235
"2024-06-03 00:00:00",565002
"2024-06-04 00:00:00",573200
"2024-06-05 00:00:00",581645
"2024-06-06 00:00:00",605234
"2024-06-07 00:00:00",636985
"2024-06-08 00:00:00",582859
"2024-06-09 00:00:00",381738
"2024-06-10 00:00:00",536622
"2024-06-11 00:00:00",500433
"2024-06-12 00:00:00",573341
"2024-06-13 00:00:00",598783
"2024-06-14 00:00:00",633499
"2024-06-15 00:00:00",576392
"2024-06-16 00:00:00",378749
"2024-06-17 00:00:00",561949
"2024-06-18 00:00:00",573586
"2024-06-19 00:00:00",583179
"2024-06-20 00:00:00",580082
"2024-06-21 00:00:00",626519
"2024-06-22 00:00:00",536149
"2024-06-23 00:00:00",348559
"2024-06-24 00:00:00",305792
"2024-06-25 00:00:00",575891
"2024-06-26 00:00:00",575892
"2024-06-27 00:00:00",600077
"2024-06-28 00:00:00",635236
"2024-06-29 00:00:00",571111
"2024-06-30 00:00:00",340333
"2024-07-01 00:00:00",526178
"2024-07-02 00:00:00",584535
"2024-07-03 00:00:00",592714
"2024-07-04 00:00:00",594009
"2024-07-05 00:00:00",602974
"2024-07-06 00:00:00",549201
"2024-07-07 00:00:00",371091
"2024-07-08 00:00:00",560551
"2024-07-09 00:00:00",570994
"2024-07-10 00:00:00",582783
"2024-07-11 00:00:00",587282
"2024-07-12 00:00:00",599919
"2024-07-13 00:00:00",528073
"2024-07-14 00:00:00",362426
"2024-07-15 00:00:00",544072
"2024-07-16 00:00:00",554945
"2024-07-17 00:00:00",561537
"2024-07-18 00:00:00",565456
"2024-07-19 00:00:00",578131
"2024-07-20 00:00:00",516795
"2024-07-21 00:00:00",350135
"2024-07-22 00:00:00",532205
"2024-07-23 00:00:00",536887
"2024-07-24 00:00:00",547148
"2024-07-25 00:00:00",564823
"2024-07-26 00:00:00",565942
"2024-07-27 00:00:00",490588
"2024-07-28 00:00:00",336561
"2024-07-29 00:00:00",522331
"2024-07-30 00:00:00",535859
"2024-07-31 00:00:00",550054
"2024-08-01 00:00:00",532404
"2024-08-02 00:00:00",518494
"2024-08-03 00:00:00",467328
"2024-08-04 00:00:00",324585
"2024-08-05 00:00:00",455913
"2024-08-06 00:00:00",455113
"2024-08-07 00:00:00",458629
"2024-08-08 00:00:00",449426
"2024-08-09 00:00:00",467608
"2024-08-10 00:00:00",427422
"2024-08-11 00:00:00",310415
"2024-08-12 00:00:00",425216
"2024-08-13 00:00:00",411772
"2024-08-14 00:00:00",425731
"2024-08-15 00:00:00",324493
"2024-08-16 00:00:00",433935
"2024-08-17 00:00:00",397242
"2024-08-18 00:00:00",294650
"2024-08-19 00:00:00",409653
"2024-08-20 00:00:00",401509
"2024-08-21 00:00:00",407556
"2024-08-22 00:00:00",401166
"2024-08-23 00:00:00",411532
"2024-08-24 00:00:00",397996
"2024-08-25 00:00:00",303651
"2024-08-26 00:00:00",439170
"2024-08-27 00:00:00",440948
"2024-08-28 00:00:00",453075
"2024-08-29 00:00:00",465586
"2024-08-30 00:00:00",500656
"2024-08-31 00:00:00",477051
"2024-09-01 00:00:00",337876
"2024-09-02 00:00:00",524689
"2024-09-03 00:00:00",502932
"2024-09-04 00:00:00",490493
"2024-09-05 00:00:00",556930
"2024-09-06 00:00:00",564234
"2024-09-07 00:00:00",533189
"2024-09-08 00:00:00",327887
"2024-09-09 00:00:00",546299
"2024-09-10 00:00:00",588002
"2024-09-11 00:00:00",384214
"2024-09-12 00:00:00",551439
"2024-09-13 00:00:00",598306
"2024-09-14 00:00:00",548204
"2024-09-15 00:00:00",356308
"2024-09-16 00:00:00",541488
"2024-09-17 00:00:00",533908
"2024-09-18 00:00:00",530562
"2024-09-19 00:00:00",557178
"2024-09-20 00:00:00",564796
"2024-09-21 00:00:00",545352
"2024-09-22 00:00:00",346110
"2024-09-23 00:00:00",539888
"2024-09-24 00:00:00",355149
"2024-09-25 00:00:00",577303
"2024-09-26 00:00:00",576087
"2024-09-27 00:00:00",634272
"2024-09-28 00:00:00",592030
"2024-09-29 00:00:00",368067
"2024-09-30 00:00:00",563427
"2024-10-01 00:00:00",571280
"2024-10-02 00:00:00",543409
"2024-10-03 00:00:00",587275
"2024-10-04 00:00:00",636468
"2024-10-05 00:00:00",601368
"2024-10-06 00:00:00",370897
"2024-10-07 00:00:00",549275
"2024-10-08 00:00:00",559017
"2024-10-09 00:00:00",564989
"2024-10-10 00:00:00",585300
"2024-10-11 00:00:00",652812
"2024-10-12 00:00:00",463101
"2024-10-13 00:00:00",369045
"2024-10-14 00:00:00",550013
"2024-10-15 00:00:00",547605
"2024-10-16 00:00:00",560602
"2024-10-17 00:00:00",564300
"2024-10-18 00:00:00",616387
"2024-10-19 00:00:00",585984
"2024-10-20 00:00:00",373614
"2024-10-21 00:00:00",535936
"2024-10-22 00:00:00",548324
"2024-10-23 00:00:00",560351
"2024-10-24 00:00:00",571680
"2024-10-25 00:00:00",625336
"2024-10-26 00:00:00",518652
"2024-10-27 00:00:00",318541