Day,temp_max,temp_min,precipitacion,Pernoctacions_Habitatge_tur√≠stic,Pernoctacions_Hotel
01-01-2021,7.55,4.3,5.65,3500,8700.0
02-01-2021,8.55,1.55,0.0,6369,15828.0
03-01-2021,9.55,0.85,0.0,6904,17160.0
04-01-2021,10.1,0.65,0.0,5825,14478.0
05-01-2021,9.4,0.65,0.0,4669,11603.0
06-01-2021,9.7,0.25,0.5,4315,10725.0
07-01-2021,6.35,2.25,0.0,4412,10965.0
08-01-2021,6.1,0.5,5.1,5189,12898.0
09-01-2021,6.15,1.5,12.4,4066,10106.0
10-01-2021,6.65,3.6,6.0,4412,10965.0
11-01-2021,8.5,0.9,0.0,3028,7526.0
12-01-2021,7.3,0.8,0.0,2913,7239.0
13-01-2021,10.4,2.6,0.0,3203,7960.0
14-01-2021,9.55,3.6,0.0,3333,8284.0
15-01-2021,11.05,3.75,0.0,4271,10614.0
16-01-2021,12.75,3.5,0.0,3806,9459.0
17-01-2021,15.15,5.0,0.0,3965,9856.0
18-01-2021,11.85,6.8,0.2,3742,9301.0
19-01-2021,14.35,5.05,0.0,3244,8062.0
20-01-2021,12.15,7.85,0.0,3407,8469.0
21-01-2021,14.85,7.1,1.25,3460,8598.0
22-01-2021,14.7,7.45,4.65,4088,10161.0
23-01-2021,14.75,6.5,0.0,3404,8459.0
24-01-2021,16.0,8.65,0.0,3713,9227.0
25-01-2021,13.95,8.1,0.1,3527,8764.0
26-01-2021,13.2,6.75,0.0,3158,7849.0
27-01-2021,17.25,6.45,0.0,3467,8617.0
28-01-2021,18.7,9.6,0.0,3512,8728.0
29-01-2021,20.75,10.55,0.0,4371,10863.0
30-01-2021,18.7,8.5,0.05,3463,8608.0
31-01-2021,17.1,9.4,0.2,3668,9116.0
01-02-2021,19.55,11.65,0.0,4991,10418.0
02-02-2021,19.3,11.05,0.0,4273,8920.0
03-02-2021,19.2,10.45,0.0,4750,9915.0
04-02-2021,15.85,9.55,0.0,4771,9959.0
05-02-2021,14.95,9.8,0.0,5525,11533.0
06-02-2021,16.65,10.75,0.5,4818,10057.0
07-02-2021,12.75,7.0,1.0,4771,9959.0
08-02-2021,12.65,8.05,2.4,4572,9544.0
09-02-2021,13.75,7.35,1.05,3849,8035.0
10-02-2021,15.0,8.75,0.3,4766,9948.0
11-02-2021,16.35,6.85,0.0,4923,10276.0
12-02-2021,16.7,8.95,0.2,6049,12627.0
13-02-2021,16.0,7.4,3.25,5562,11609.0
14-02-2021,11.2,6.55,1.7,5090,10626.0
15-02-2021,10.2,6.75,0.85,4954,10341.0
16-02-2021,14.5,8.45,0.0,4095,8548.0
17-02-2021,16.45,8.15,0.0,4771,9959.0
18-02-2021,15.1,7.5,0.0,5017,10473.0
19-02-2021,14.75,7.65,0.0,5996,12517.0
20-02-2021,15.3,7.25,0.0,5415,11304.0
21-02-2021,13.3,9.2,0.25,5373,11217.0
22-02-2021,13.4,10.55,9.85,4902,10232.0
23-02-2021,17.3,11.55,0.0,4457,9303.0
24-02-2021,17.35,9.85,0.0,4928,10287.0
25-02-2021,16.55,9.6,0.0,5185,10823.0
26-02-2021,15.75,9.15,0.0,6127,12791.0
27-02-2021,16.0,8.35,0.0,5672,11839.0
28-02-2021,15.05,8.95,0.0,5520,11522.0
01-03-2021,14.3,10.5,0.0,5049,9522.0
02-03-2021,14.6,10.7,0.0,4449,8392.0
03-03-2021,15.45,10.0,0.0,5043,9512.0
04-03-2021,15.15,9.4,0.0,5192,9792.0
05-03-2021,14.7,9.0,0.0,6062,11434.0
06-03-2021,14.35,9.3,0.0,5289,9976.0
07-03-2021,13.3,9.4,0.8,5223,9850.0
08-03-2021,12.25,8.8,0.8,5028,9484.0
09-03-2021,15.15,7.2,0.5,4593,8663.0
10-03-2021,15.7,5.85,0.0,5243,9889.0
11-03-2021,17.95,7.5,0.0,5392,10169.0
12-03-2021,15.55,8.55,0.1,6283,11850.0
13-03-2021,17.15,8.15,0.0,5233,9870.0
14-03-2021,16.0,7.95,0.0,5494,10362.0
15-03-2021,17.45,6.75,0.0,5197,9802.0
16-03-2021,16.9,7.3,0.0,4577,8633.0
17-03-2021,17.35,8.5,0.0,5038,9503.0
18-03-2021,15.85,5.8,6.1,5514,10400.0
19-03-2021,10.7,5.05,1.15,6231,11753.0
20-03-2021,13.75,4.4,0.0,5683,10719.0
21-03-2021,15.55,4.15,0.0,6195,11685.0
22-03-2021,18.1,6.6,0.0,5612,10585.0
23-03-2021,17.15,7.5,0.0,5166,9744.0
24-03-2021,17.9,9.65,0.0,5745,10836.0
25-03-2021,17.95,9.45,0.0,6871,12960.0
26-03-2021,17.25,10.05,0.05,8597,16215.0
27-03-2021,17.2,10.1,0.0,8259,15578.0
28-03-2021,18.0,9.1,0.0,8146,15365.0
29-03-2021,18.65,9.5,0.0,6979,13162.0
30-03-2021,18.25,10.4,0.0,6042,11396.0
31-03-2021,18.85,9.6,0.0,7650,14428.0
01-04-2021,20.35,9.35,0.0,7583,14049.0
02-04-2021,19.5,10.95,0.0,7578,14040.0
03-04-2021,22.55,12.1,0.1,7273,13475.0
04-04-2021,19.1,10.85,0.0,8133,15068.0
05-04-2021,19.35,11.0,0.0,7913,14661.0
06-04-2021,16.0,9.85,2.3,6432,11918.0
07-04-2021,13.4,6.65,0.0,6562,12159.0
08-04-2021,15.55,7.55,0.0,6567,12168.0
09-04-2021,14.9,7.7,0.15,8073,14957.0
10-04-2021,13.05,10.0,1.05,7918,14669.0
11-04-2021,14.65,9.55,9.1,8218,15225.0
12-04-2021,15.4,7.05,0.75,6757,12520.0
13-04-2021,15.85,8.0,0.0,5587,10351.0
14-04-2021,15.55,8.65,0.0,6267,11612.0
15-04-2021,16.0,8.75,0.5,6482,12010.0
16-04-2021,15.7,6.7,1.3,7893,14623.0
17-04-2021,15.2,6.25,0.0,7193,13326.0
18-04-2021,17.2,6.7,0.0,7773,14401.0
19-04-2021,17.25,8.45,0.0,6908,12798.0
20-04-2021,17.3,10.65,10.4,5657,10481.0
21-04-2021,13.6,10.05,0.0,5897,10926.0
22-04-2021,16.7,9.1,0.0,6367,11797.0
23-04-2021,18.85,8.95,0.0,8063,14939.0
24-04-2021,19.15,9.7,0.0,7173,13289.0
25-04-2021,20.35,12.05,1.0,7363,13641.0
26-04-2021,18.8,11.4,2.75,6557,12149.0
27-04-2021,18.35,11.2,0.75,5572,10323.0
28-04-2021,18.25,12.8,0.3,6122,11343.0
29-04-2021,18.15,13.55,4.0,6732,12474.0
30-04-2021,20.05,13.4,19.05,8348,15467.0
01-05-2021,18.0,11.4,4.95,10490,14336.0
02-05-2021,15.2,9.65,2.05,11093,15161.0
03-05-2021,18.4,9.45,0.0,9996,13662.0
04-05-2021,19.3,10.3,0.0,9049,12366.0
05-05-2021,21.4,12.05,0.0,9776,13360.0
06-05-2021,20.75,13.55,0.0,9789,13377.0
07-05-2021,21.65,13.9,0.0,12508,17095.0
08-05-2021,22.45,14.2,0.0,11158,15250.0
09-05-2021,21.45,13.85,0.9,11723,16022.0
10-05-2021,20.5,14.25,4.9,10535,14398.0
11-05-2021,22.3,11.0,1.0,9107,12446.0
12-05-2021,22.1,11.0,0.0,11548,15782.0
13-05-2021,22.25,12.45,1.2,11424,15614.0
14-05-2021,21.5,13.15,0.0,12495,17077.0
15-05-2021,23.35,12.95,0.0,11567,15809.0
16-05-2021,26.75,14.65,0.0,14819,20253.0
17-05-2021,20.15,13.6,0.0,11496,15711.0
18-05-2021,20.65,14.3,0.3,9509,12997.0
19-05-2021,19.4,13.75,0.35,10061,13750.0
20-05-2021,21.3,14.25,0.0,11658,15933.0
21-05-2021,21.2,14.35,0.0,14722,20120.0
22-05-2021,20.1,13.45,0.0,12495,17077.0
23-05-2021,17.95,13.35,0.65,13248,18106.0
24-05-2021,22.8,13.4,0.0,13456,18390.0
25-05-2021,19.45,14.2,0.0,10593,14478.0
26-05-2021,20.95,12.6,0.0,10762,14709.0
27-05-2021,23.7,14.55,0.0,11567,15809.0
28-05-2021,25.3,16.3,0.0,14735,20138.0
29-05-2021,26.75,16.95,0.0,13268,18133.0
30-05-2021,26.45,18.45,0.0,14112,19286.0
31-05-2021,25.6,17.95,0.0,12151,16607.0
01-06-2021,24.95,17.15,1.35,14990,15140.0
02-06-2021,24.65,16.8,0.0,16073,16234.0
03-06-2021,24.0,17.65,0.0,15693,15851.0
04-06-2021,24.2,18.55,0.0,18934,19125.0
05-06-2021,24.5,17.35,1.75,17676,17853.0
06-06-2021,25.3,17.45,0.0,19574,19770.0
07-06-2021,25.55,16.2,0.0,17008,17178.0
08-06-2021,27.05,17.5,0.0,14737,14884.0
09-06-2021,28.9,18.6,0.0,15342,15495.0
10-06-2021,29.55,19.65,0.0,15700,15858.0
11-06-2021,30.35,21.2,0.0,18864,19054.0
12-06-2021,32.5,21.35,0.0,17331,17505.0
13-06-2021,31.65,23.15,0.0,19258,19451.0
14-06-2021,32.15,23.5,0.0,17528,17704.0
15-06-2021,33.1,22.5,0.0,15524,15680.0
16-06-2021,31.4,22.95,0.0,17317,17491.0
17-06-2021,25.6,20.85,0.35,18034,18216.0
18-06-2021,29.4,19.25,0.0,21318,21532.0
19-06-2021,27.1,21.05,0.05,19827,20026.0
20-06-2021,28.45,21.25,0.0,21592,21808.0
21-06-2021,28.8,20.6,0.0,19518,19714.0
22-06-2021,26.8,19.95,0.2,17275,17448.0
23-06-2021,26.2,16.0,1.8,18527,18712.0
24-06-2021,26.45,16.3,0.0,19265,19458.0
25-06-2021,26.25,17.9,0.0,22401,22626.0
26-06-2021,27.5,18.65,0.05,21367,21582.0
27-06-2021,28.3,19.7,0.0,23153,23386.0
28-06-2021,27.7,19.45,0.0,20608,20814.0
29-06-2021,25.0,19.95,0.0,18266,18450.0
30-06-2021,26.3,20.55,0.0,19806,20005.0
01-07-2021,27.95,20.45,0.0,27598,24830.0
02-07-2021,29.5,19.8,0.0,29697,26718.0
03-07-2021,29.15,20.6,0.0,29850,26856.0
04-07-2021,29.4,20.5,0.0,30678,27601.0
05-07-2021,29.35,20.05,0.0,28523,25661.0
06-07-2021,29.6,20.9,0.0,26006,23398.0
07-07-2021,28.0,21.35,0.0,26682,24005.0
08-07-2021,28.65,19.9,0.0,28451,25596.0
09-07-2021,27.65,19.6,0.0,31225,28093.0
10-07-2021,28.95,19.85,0.0,31667,28491.0
11-07-2021,28.75,21.0,0.0,31523,28360.0
12-07-2021,28.1,20.55,0.0,29689,26711.0
13-07-2021,27.55,16.3,0.0,26384,23737.0
14-07-2021,27.3,17.2,1.05,27671,24895.0
15-07-2021,27.5,19.4,0.0,28370,25524.0
16-07-2021,28.15,19.95,0.0,33340,29995.0
17-07-2021,28.85,20.05,0.0,34056,30639.0
18-07-2021,30.2,20.4,0.0,33573,30206.0
19-07-2021,31.15,22.75,0.0,31579,28410.0
20-07-2021,30.55,22.7,0.0,30107,27087.0
21-07-2021,31.15,23.45,0.0,30413,27362.0
22-07-2021,32.05,23.05,0.0,31370,28223.0
23-07-2021,32.05,23.35,0.0,34651,31175.0
24-07-2021,29.95,22.85,0.0,35439,31884.0
25-07-2021,30.3,22.0,0.0,34997,31486.0
26-07-2021,29.25,21.75,0.0,31386,28237.0
27-07-2021,29.55,20.9,0.0,29930,26927.0
28-07-2021,29.4,21.35,0.0,30960,27854.0
29-07-2021,29.4,20.9,0.0,32077,28859.0
30-07-2021,30.25,22.0,0.0,34611,31138.0
31-07-2021,29.6,19.75,4.5,36476,32817.0
01-08-2021,27.5,18.5,0.0,46334,38577.0
02-08-2021,27.5,18.35,0.0,43216,35981.0
03-08-2021,28.1,20.35,0.0,39078,32536.0
04-08-2021,29.3,19.05,0.35,39700,33055.0
05-08-2021,29.2,19.6,0.0,40291,33546.0
06-08-2021,28.05,22.3,0.1,43470,36193.0
07-08-2021,30.95,21.8,0.0,45936,38246.0
08-08-2021,26.9,20.25,0.0,44948,37424.0
09-08-2021,28.15,19.55,0.1,41962,34938.0
10-08-2021,29.6,21.55,0.0,38691,32215.0
11-08-2021,31.5,22.75,0.0,39129,32579.0
12-08-2021,31.8,24.25,0.0,40617,33818.0
13-08-2021,33.05,22.9,0.0,42828,35658.0
14-08-2021,33.9,23.5,0.0,46334,38577.0
15-08-2021,31.3,23.7,0.0,44449,37008.0
16-08-2021,30.4,22.9,0.0,42064,35022.0
17-08-2021,28.6,19.4,0.0,37927,31578.0
18-08-2021,28.15,19.4,0.0,39282,32706.0
19-08-2021,26.8,19.95,0.0,40067,33360.0
20-08-2021,29.05,21.15,0.0,42900,35718.0
21-08-2021,29.95,22.15,0.0,45559,37932.0
22-08-2021,30.15,21.5,0.0,45040,37500.0
23-08-2021,27.35,21.4,2.8,41932,34912.0
24-08-2021,27.35,20.9,0.25,37825,31493.0
25-08-2021,27.75,20.65,0.0,39374,32783.0
26-08-2021,29.0,18.95,0.0,40393,33631.0
27-08-2021,31.15,22.35,0.0,42991,35795.0
28-08-2021,27.95,21.15,0.0,45406,37806.0
29-08-2021,27.05,20.65,0.0,44744,37254.0
30-08-2021,23.9,19.9,4.9,42288,35209.0
31-08-2021,27.25,19.8,1.5,38212,31815.0
01-09-2021,24.85,19.45,1.7,34601,27115.0
02-09-2021,27.0,18.5,0.2,36816,28850.0
03-09-2021,29.05,19.65,2.15,38666,30300.0
04-09-2021,27.85,19.6,0.0,40297,31578.0
05-09-2021,29.25,20.7,0.0,39622,31049.0
06-09-2021,29.6,21.4,0.0,36278,28429.0
07-09-2021,28.8,22.15,0.05,32113,25165.0
08-09-2021,30.3,21.35,0.0,32833,25730.0
09-09-2021,28.95,21.3,0.25,35339,27693.0
10-09-2021,29.3,19.2,4.6,37800,29621.0
11-09-2021,28.2,19.4,0.0,39057,30607.0
12-09-2021,28.65,21.5,0.0,38975,30543.0
13-09-2021,28.8,21.45,0.0,35339,27693.0
14-09-2021,29.95,22.95,0.0,31275,24508.0
15-09-2021,30.35,22.5,2.75,32560,25515.0
16-09-2021,27.0,19.3,1.4,34528,27058.0
17-09-2021,28.9,18.9,0.0,37408,29314.0
18-09-2021,25.65,19.3,2.3,37745,29579.0
19-09-2021,26.35,15.3,0.0,38119,29871.0
20-09-2021,25.7,15.5,6.4,34328,26900.0
21-09-2021,22.15,15.7,0.1,30929,24236.0
22-09-2021,24.65,17.35,3.9,31840,24951.0
23-09-2021,24.35,16.35,1.75,34629,27136.0
24-09-2021,24.95,17.35,0.05,36415,28536.0
25-09-2021,28.2,20.3,0.1,36834,28864.0
26-09-2021,30.05,19.25,0.0,37408,29314.0
27-09-2021,28.8,18.5,0.0,34574,27094.0
28-09-2021,26.45,18.45,0.0,29972,23487.0
29-09-2021,23.7,18.35,2.7,31530,24708.0
30-09-2021,23.7,17.5,0.0,33872,26543.0
01-10-2021,24.6,16.2,0.0,44771,32022.0
02-10-2021,25.5,17.65,5.55,44219,31628.0
03-10-2021,25.35,16.3,21.15,44760,32014.0
04-10-2021,17.85,12.85,4.1,41119,29410.0
05-10-2021,24.25,11.75,0.1,36419,26049.0
06-10-2021,22.4,15.55,0.0,37423,26767.0
07-10-2021,23.0,13.65,0.0,40291,28818.0
08-10-2021,22.15,14.75,0.0,44914,32125.0
09-10-2021,20.7,15.25,0.0,45047,32219.0
10-10-2021,21.3,15.3,0.0,44804,32046.0
11-10-2021,23.7,13.55,0.0,40766,29158.0
12-10-2021,23.85,14.15,0.0,38118,27264.0
13-10-2021,22.55,14.45,0.0,37776,27019.0
14-10-2021,21.45,14.6,0.0,39894,28534.0
15-10-2021,23.45,15.0,0.0,44848,32077.0
16-10-2021,22.7,15.4,0.0,45113,32267.0
17-10-2021,21.7,14.55,0.0,44925,32133.0
18-10-2021,23.6,16.0,0.0,40887,29245.0
19-10-2021,24.35,16.4,0.0,36474,26088.0
20-10-2021,23.45,16.95,0.0,37566,26869.0
21-10-2021,21.85,15.5,0.55,40843,29212.0
22-10-2021,20.6,14.1,0.0,45819,32772.0
23-10-2021,20.8,11.35,0.0,46514,33268.0
24-10-2021,22.65,12.0,0.0,46404,33190.0
25-10-2021,21.05,12.45,0.0,40953,29292.0
26-10-2021,22.5,13.25,0.0,36342,25993.0
27-10-2021,20.3,12.1,0.0,36783,26309.0
28-10-2021,20.5,11.85,0.25,40567,29016.0
29-10-2021,22.2,13.6,21.25,45146,32290.0
30-10-2021,20.85,14.45,6.15,46999,33616.0
31-10-2021,23.85,16.25,1.55,42167,30160.0
01-11-2021,23.5,14.05,0.0,40252,28565.0
02-11-2021,19.2,11.15,0.25,35488,25185.0
03-11-2021,16.55,9.5,0.0,34590,24548.0
04-11-2021,16.2,7.7,5.15,37726,26774.0
05-11-2021,15.5,6.15,0.0,42921,30460.0
06-11-2021,17.4,5.9,0.0,43711,31021.0
07-11-2021,17.9,6.35,0.0,44237,31394.0
08-11-2021,19.5,9.55,0.0,38600,27394.0
09-11-2021,15.85,9.05,0.7,33848,24021.0
10-11-2021,15.0,11.2,10.35,33693,23911.0
11-11-2021,17.45,12.05,2.9,36517,25915.0
12-11-2021,18.25,13.25,0.3,40766,28931.0
13-11-2021,19.8,13.05,0.0,39605,28107.0
14-11-2021,16.25,10.35,5.45,42023,29823.0
15-11-2021,13.95,8.85,0.1,37690,26748.0
16-11-2021,12.95,9.1,2.0,32592,23130.0
17-11-2021,16.15,8.15,0.0,33046,23452.0
18-11-2021,17.15,7.25,0.0,36039,25575.0
19-11-2021,16.8,8.2,0.0,41102,29169.0
20-11-2021,15.7,8.7,0.0,38911,27614.0
21-11-2021,16.6,10.75,0.0,40000,28388.0
22-11-2021,14.75,8.6,8.4,36721,26060.0
23-11-2021,14.0,10.1,32.75,31359,22255.0
24-11-2021,13.5,8.15,36.7,31287,22204.0
25-11-2021,11.8,5.85,1.2,33884,24047.0
26-11-2021,13.1,5.75,0.0,39115,27758.0
27-11-2021,12.85,4.15,0.0,37798,26825.0
28-11-2021,10.6,3.6,0.0,39845,28276.0
29-11-2021,14.55,3.4,0.5,36805,26119.0
30-11-2021,14.95,6.25,1.0,31502,22356.0
01-12-2021,14.25,5.9,1.3,26630,28108.0
02-12-2021,13.65,6.15,0.0,29035,30648.0
03-12-2021,13.6,4.4,0.0,35359,37323.0
04-12-2021,17.3,6.65,0.0,35309,37270.0
05-12-2021,11.5,5.55,0.0,31611,33366.0
06-12-2021,13.8,3.65,0.0,28113,29674.0
07-12-2021,16.15,7.1,0.0,25828,27263.0
08-12-2021,13.25,6.05,0.0,31190,32922.0
09-12-2021,11.6,4.6,0.0,28594,30182.0
10-12-2021,16.2,7.25,0.0,31410,33155.0
11-12-2021,14.15,5.25,0.0,31932,33705.0
12-12-2021,15.5,8.1,0.0,33385,35238.0
13-12-2021,16.95,7.35,0.0,29987,31653.0
14-12-2021,15.95,7.2,0.0,26560,28034.0
15-12-2021,17.5,7.35,0.0,28825,30425.0
16-12-2021,15.05,6.45,0.0,30599,32298.0
17-12-2021,12.9,7.35,0.0,34287,36190.0
18-12-2021,14.35,6.35,0.0,35820,37810.0
19-12-2021,14.3,6.05,0.0,35830,37820.0
20-12-2021,14.2,4.55,0.0,33846,35725.0
21-12-2021,12.3,5.25,0.0,31892,33662.0
22-12-2021,10.75,8.1,0.85,33635,35503.0
23-12-2021,13.6,9.6,0.5,37093,39153.0
24-12-2021,14.95,10.65,0.15,28394,29970.0
25-12-2021,17.05,10.1,0.0,21468,22660.0
26-12-2021,16.85,9.45,0.0,35890,37883.0
27-12-2021,19.6,10.45,0.0,35449,37418.0
28-12-2021,18.8,13.15,0.0,32834,34657.0
29-12-2021,19.2,12.15,0.0,32784,34604.0
30-12-2021,20.5,11.7,0.0,34628,36550.0
31-12-2021,19.0,10.15,0.0,28364,29938.0
01-01-2022,19.2,11.2,0.0,26193,24973.0
02-01-2022,15.7,8.7,0.0,32652,31131.0
03-01-2022,15.9,10.45,0.0,29863,28471.0
04-01-2022,19.8,9.8,12.0,27614,26327.0
05-01-2022,12.6,5.75,0.3,25993,24782.0
06-01-2022,10.5,2.0,0.0,25330,24151.0
07-01-2022,12.45,2.7,0.0,28555,27225.0
08-01-2022,12.85,5.1,0.0,30447,29029.0
09-01-2022,15.15,7.95,0.0,31467,30001.0
10-01-2022,11.05,8.2,0.95,24546,23402.0
11-01-2022,15.05,6.9,0.0,19961,19031.0
12-01-2022,11.65,5.4,0.0,20039,19106.0
13-01-2022,12.85,3.6,0.0,19961,19031.0
14-01-2022,13.3,3.75,0.0,24336,23203.0
15-01-2022,13.35,2.75,0.0,22994,21923.0
16-01-2022,13.85,3.35,0.0,24859,23701.0
17-01-2022,14.65,3.85,0.0,21390,20394.0
18-01-2022,11.7,3.9,0.0,18453,17594.0
19-01-2022,12.75,4.45,0.0,19621,18707.0
20-01-2022,14.4,4.35,0.0,20031,19097.0
21-01-2022,10.35,3.5,0.0,24302,23170.0
22-01-2022,11.45,1.75,0.0,22968,21899.0
23-01-2022,13.45,3.15,0.0,24397,23261.0
24-01-2022,14.2,3.95,0.0,21103,20120.0
25-01-2022,14.95,4.35,0.0,17939,17103.0
26-01-2022,15.2,5.15,0.0,19342,18440.0
27-01-2022,15.05,6.6,0.0,20336,19388.0
28-01-2022,17.5,5.6,0.0,24293,23162.0
29-01-2022,17.25,6.7,0.0,22515,21466.0
30-01-2022,18.15,6.3,0.0,25008,23842.0
31-01-2022,16.5,6.85,0.0,21783,20768.0
01-02-2022,16.25,5.6,0.0,29968,20872.0
02-02-2022,19.0,8.0,0.0,31122,21677.0
03-02-2022,17.9,8.05,0.0,33584,23391.0
04-02-2022,14.95,8.2,0.0,38214,26616.0
05-02-2022,15.05,9.2,0.0,36692,25556.0
06-02-2022,16.2,6.0,0.0,39217,27315.0
07-02-2022,15.65,5.4,0.0,35487,24716.0
08-02-2022,16.35,7.55,0.0,30310,21111.0
09-02-2022,15.9,7.1,0.0,32708,22782.0
10-02-2022,16.05,6.0,0.0,35093,24442.0
11-02-2022,17.5,7.8,0.0,41297,28763.0
12-02-2022,11.8,8.45,2.6,40282,28057.0
13-02-2022,15.4,9.35,0.1,41374,28817.0
14-02-2022,16.75,7.85,0.0,37479,26104.0
15-02-2022,17.45,6.05,0.0,33038,23011.0
16-02-2022,15.85,7.95,0.0,34713,24178.0
17-02-2022,20.4,8.9,0.0,35931,25026.0
18-02-2022,19.3,9.5,0.0,41158,28667.0
19-02-2022,12.35,6.85,0.3,41361,28808.0
20-02-2022,16.55,5.55,0.0,43543,30327.0
21-02-2022,20.35,7.3,0.0,38291,26669.0
22-02-2022,17.7,7.05,0.0,34104,23753.0
23-02-2022,17.35,7.2,0.0,35829,24955.0
24-02-2022,17.05,9.3,0.0,38722,26969.0
25-02-2022,14.4,8.85,0.3,43936,30602.0
26-02-2022,12.0,7.6,0.0,43848,30540.0
27-02-2022,15.35,6.15,0.0,44330,30876.0
28-02-2022,14.55,8.8,0.0,40168,27977.0
01-03-2022,16.3,7.45,0.0,41341,22710.0
02-03-2022,13.9,7.7,0.15,40558,22280.0
03-03-2022,17.2,7.7,0.0,43537,23916.0
04-03-2022,17.05,8.25,0.0,48670,26736.0
05-03-2022,16.0,8.55,8.9,48368,26570.0
06-03-2022,11.35,7.8,0.2,50056,27497.0
07-03-2022,13.3,7.35,0.0,43784,24052.0
08-03-2022,10.95,6.65,3.25,40339,22160.0
09-03-2022,14.9,7.65,0.65,40682,22348.0
10-03-2022,14.15,8.7,0.05,44552,24474.0
11-03-2022,13.75,9.25,25.55,48368,26570.0
12-03-2022,13.05,9.5,13.4,48094,26420.0
13-03-2022,15.3,8.45,1.2,49329,27098.0
14-03-2022,13.2,10.15,0.15,44100,24225.0
15-03-2022,13.75,12.3,0.0,40709,22363.0
16-03-2022,14.1,12.2,0.0,40023,21986.0
17-03-2022,15.55,12.0,0.0,43358,23818.0
18-03-2022,15.15,11.6,1.3,48849,26834.0
19-03-2022,12.15,9.2,0.3,48876,26849.0
20-03-2022,14.6,9.05,0.5,50303,27633.0
21-03-2022,14.45,10.1,1.85,44786,24602.0
22-03-2022,13.7,8.65,2.6,40668,22340.0
23-03-2022,13.15,7.55,2.2,40792,22409.0
24-03-2022,12.95,8.5,0.0,44031,24188.0
25-03-2022,15.5,10.15,0.5,49301,27083.0
26-03-2022,12.55,10.2,1.9,48492,26638.0
27-03-2022,19.35,10.0,0.0,56480,31026.0
28-03-2022,18.9,9.45,0.0,53556,29420.0
29-03-2022,14.65,10.45,1.65,50578,27784.0
30-03-2022,14.4,9.5,8.15,50935,27981.0
31-03-2022,15.85,8.45,2.0,53529,29405.0
01-04-2022,13.85,4.25,0.0,58867,33651.0
02-04-2022,16.05,2.6,0.0,59904,34244.0
03-04-2022,8.4,4.15,0.8,58907,33674.0
04-04-2022,12.25,3.3,0.0,56120,32081.0
05-04-2022,15.8,5.95,0.0,54343,31064.0
06-04-2022,18.2,8.8,0.0,54989,31434.0
07-04-2022,21.55,10.45,0.0,58247,33297.0
08-04-2022,21.25,12.45,0.0,62920,35967.0
09-04-2022,17.9,11.6,0.0,65720,37569.0
10-04-2022,17.2,9.95,0.0,62529,35744.0
11-04-2022,17.5,9.5,0.0,57911,33104.0
12-04-2022,14.3,12.2,0.65,57089,32635.0
13-04-2022,13.45,11.4,5.6,60052,34328.0
14-04-2022,21.1,11.45,0.0,61035,34890.0
15-04-2022,24.75,14.95,0.0,59930,34259.0
16-04-2022,25.5,14.75,0.0,64899,37099.0
17-04-2022,22.3,12.65,0.0,62354,35645.0
18-04-2022,19.7,11.6,0.0,62798,35898.0
19-04-2022,19.25,11.35,0.6,57911,33104.0
20-04-2022,15.95,10.75,6.55,56457,32273.0
21-04-2022,16.05,9.6,12.3,59055,33759.0
22-04-2022,18.5,9.55,0.45,61856,35360.0
23-04-2022,16.75,9.05,5.5,62502,35729.0
24-04-2022,22.35,10.4,0.0,62381,35660.0
25-04-2022,19.7,11.2,0.0,59513,34020.0
26-04-2022,21.35,11.15,0.0,56053,32042.0
27-04-2022,21.45,13.0,0.0,55770,31881.0
28-04-2022,22.35,13.25,0.0,59203,33843.0
29-04-2022,24.15,14.85,0.0,62650,35814.0
30-04-2022,21.85,14.7,0.3,62825,35914.0
01-05-2022,21.95,14.15,0.0,61403,33098.0
02-05-2022,20.85,14.35,0.2,58625,31601.0
03-05-2022,19.75,13.05,0.35,56424,30414.0
04-05-2022,20.6,12.3,1.0,56450,30428.0
05-05-2022,21.7,13.2,2.75,60119,32405.0
06-05-2022,22.35,12.6,0.0,62884,33896.0
07-05-2022,23.8,13.55,0.0,62412,33641.0
08-05-2022,24.3,14.8,0.0,60984,32872.0
09-05-2022,24.55,15.35,0.0,59228,31925.0
10-05-2022,23.8,15.45,0.0,57892,31205.0
11-05-2022,23.05,15.2,0.0,56647,30534.0
12-05-2022,24.3,14.65,0.0,60303,32505.0
13-05-2022,23.15,15.15,0.0,62334,33600.0
14-05-2022,26.25,16.9,0.0,62897,33903.0
15-05-2022,26.8,17.35,0.0,61050,32907.0
16-05-2022,26.7,17.05,0.0,58822,31707.0
17-05-2022,25.55,17.3,0.0,58638,31607.0
18-05-2022,29.25,18.05,0.0,58783,31685.0
19-05-2022,25.9,18.75,0.0,63316,34129.0
20-05-2022,27.65,18.9,0.0,63251,34094.0
21-05-2022,29.95,20.35,0.0,63618,34292.0
22-05-2022,30.9,19.4,0.0,64378,34701.0
23-05-2022,26.0,18.25,0.0,60827,32787.0
24-05-2022,21.05,14.1,19.7,60172,32434.0
25-05-2022,20.5,12.9,0.1,60565,32646.0
26-05-2022,25.2,16.1,0.0,63316,34129.0
27-05-2022,26.75,17.65,0.0,64994,35034.0
28-05-2022,30.0,19.2,0.0,66907,36064.0
29-05-2022,25.2,17.95,0.0,66894,36058.0
30-05-2022,24.85,17.25,0.0,63081,34002.0
31-05-2022,26.25,17.2,0.0,60905,32829.0
01-06-2022,26.05,17.75,0.0,60799,33609.0
02-06-2022,25.35,18.15,0.0,63462,35080.0
03-06-2022,27.3,18.5,0.0,65981,36474.0
04-06-2022,29.35,18.65,0.0,65968,36466.0
05-06-2022,28.5,18.7,0.0,65228,36057.0
06-06-2022,27.3,19.45,0.0,63864,35303.0
07-06-2022,27.5,19.1,0.0,61929,34233.0
08-06-2022,27.35,19.35,0.0,60669,33537.0
09-06-2022,25.7,18.55,0.0,64150,35461.0
10-06-2022,26.7,17.8,0.0,66254,36624.0
11-06-2022,29.75,21.15,0.0,66631,36832.0
12-06-2022,31.35,21.85,0.0,65981,36474.0
13-06-2022,32.05,22.0,0.0,62864,34750.0
14-06-2022,29.8,22.1,0.25,62474,34535.0
15-06-2022,31.25,22.8,0.0,62293,34434.0
16-06-2022,32.8,22.75,0.0,65033,35949.0
17-06-2022,34.15,25.65,0.0,67878,37522.0
18-06-2022,32.0,22.25,0.0,68215,37708.0
19-06-2022,29.55,22.0,0.0,67423,37270.0
20-06-2022,29.15,21.9,0.0,65579,36250.0
21-06-2022,31.65,20.35,5.7,64371,35583.0
22-06-2022,27.75,20.05,0.65,63604,35159.0
23-06-2022,28.4,20.75,0.0,66150,36567.0
24-06-2022,30.4,19.7,0.0,66826,36940.0
25-06-2022,28.85,19.45,0.0,65410,36158.0
26-06-2022,27.85,21.05,0.0,66020,36495.0
27-06-2022,28.35,20.85,0.4,65345,36121.0
28-06-2022,28.45,19.3,0.0,66293,36646.0
29-06-2022,28.75,19.65,0.0,64059,35411.0
30-06-2022,29.1,20.3,0.0,67423,37270.0
01-07-2022,26.4,19.5,0.0,68196,41374.0
02-07-2022,27.9,19.05,0.0,66994,40645.0
03-07-2022,30.85,21.75,0.0,66235,40184.0
04-07-2022,32.2,22.0,0.1,66058,40078.0
05-07-2022,31.6,22.1,1.55,64376,39057.0
06-07-2022,28.4,20.9,0.7,63769,38688.0
07-07-2022,29.85,20.45,0.0,66476,40331.0
08-07-2022,29.6,21.95,0.0,68727,41697.0
09-07-2022,30.25,22.4,0.0,69790,42342.0
10-07-2022,31.15,22.65,0.0,67323,40845.0
11-07-2022,31.1,22.85,0.0,66830,40546.0
12-07-2022,31.55,23.05,0.0,64970,39417.0
13-07-2022,31.95,23.05,0.0,64300,39011.0
14-07-2022,31.8,23.45,0.0,66008,40046.0
15-07-2022,34.7,24.85,0.0,67399,40891.0
16-07-2022,33.7,25.35,0.0,69967,42448.0
17-07-2022,32.7,25.1,0.0,66286,40216.0
18-07-2022,31.0,22.65,0.0,66590,40399.0
19-07-2022,31.95,22.1,0.0,65097,39494.0
20-07-2022,31.65,23.1,0.0,64907,39379.0
21-07-2022,31.95,23.45,0.0,66058,40078.0
22-07-2022,32.65,23.25,0.0,67842,41159.0
23-07-2022,30.65,23.25,0.0,70182,42579.0
24-07-2022,32.25,23.4,0.0,66931,40606.0
25-07-2022,31.55,23.5,0.0,66552,40377.0
26-07-2022,30.45,23.0,0.35,65413,39686.0
27-07-2022,28.85,22.15,0.3,63465,38504.0
28-07-2022,30.85,23.1,0.0,66678,40454.0
29-07-2022,30.55,22.85,0.2,68247,41405.0
30-07-2022,30.6,22.9,0.0,69803,42349.0
31-07-2022,32.7,23.35,0.0,69069,41904.0
01-08-2022,34.35,24.15,0.0,69502,45779.0
02-08-2022,34.2,25.7,0.0,67030,44151.0
03-08-2022,33.15,24.8,0.0,65170,42926.0
04-08-2022,32.95,24.85,0.0,67538,44485.0
05-08-2022,32.95,21.15,8.3,69203,45581.0
06-08-2022,33.8,22.7,0.0,71778,47278.0
07-08-2022,33.35,23.6,0.0,68773,45299.0
08-08-2022,32.8,23.05,0.0,67720,44605.0
09-08-2022,33.05,24.3,0.0,66393,43731.0
10-08-2022,33.8,24.3,0.0,65612,43217.0
11-08-2022,33.25,24.15,0.0,66926,44082.0
12-08-2022,33.8,24.15,0.0,69632,45864.0
13-08-2022,34.0,25.15,0.0,71180,46884.0
14-08-2022,35.8,24.2,1.35,68617,45196.0
15-08-2022,31.5,22.95,0.0,66939,44090.0
16-08-2022,31.1,22.75,3.5,65482,43131.0
17-08-2022,31.35,17.6,29.9,62816,41375.0
18-08-2022,27.75,18.0,2.85,66510,43808.0
19-08-2022,29.8,18.0,0.0,68565,45162.0
20-08-2022,29.95,20.2,0.0,71414,47038.0
21-08-2022,30.15,21.8,2.6,68617,45196.0
22-08-2022,29.05,22.65,0.0,66978,44117.0
23-08-2022,30.7,22.3,0.0,65664,43251.0
24-08-2022,32.2,23.4,0.0,64910,42755.0
25-08-2022,30.9,21.25,0.65,67251,44297.0
26-08-2022,31.9,22.0,0.0,68513,45128.0
27-08-2022,30.6,22.85,0.0,70568,46482.0
28-08-2022,31.4,21.85,0.0,68773,45299.0
29-08-2022,31.1,21.9,0.65,66510,43808.0
30-08-2022,32.45,22.95,1.95,65092,42874.0
31-08-2022,29.35,17.3,27.35,63856,42061.0
01-09-2022,30.5,20.55,0.0,63646,38400.0
02-09-2022,30.35,21.55,0.45,64107,38677.0
03-09-2022,29.05,21.25,0.0,66533,40141.0
04-09-2022,29.25,21.8,0.0,63933,38571.0
05-09-2022,30.3,22.75,0.0,62589,37762.0
06-09-2022,30.95,22.75,0.0,61419,37055.0
07-09-2022,29.85,21.8,0.0,60660,36598.0
08-09-2022,28.75,22.2,0.5,62191,37521.0
09-09-2022,29.0,20.65,0.65,64132,38692.0
10-09-2022,28.65,20.05,0.0,66459,40096.0
11-09-2022,28.45,23.2,0.0,64219,38744.0
12-09-2022,31.1,22.4,0.0,61506,37108.0
13-09-2022,30.55,23.55,0.85,59316,35787.0
14-09-2022,26.6,19.55,0.05,59739,36042.0
15-09-2022,30.35,20.75,0.0,62701,37829.0
16-09-2022,27.8,20.5,0.55,56342,33992.0
17-09-2022,26.65,18.35,0.0,64480,38902.0
18-09-2022,25.65,17.35,0.0,63709,38436.0
19-09-2022,26.8,18.45,0.0,60536,36522.0
20-09-2022,26.2,19.4,0.0,59428,35854.0
21-09-2022,25.8,18.5,0.0,58532,35314.0
22-09-2022,25.6,18.65,0.0,61232,36943.0
23-09-2022,25.0,16.15,11.05,63460,38286.0
24-09-2022,22.35,15.45,0.5,63335,38212.0
25-09-2022,23.75,14.8,0.0,58271,35156.0
26-09-2022,25.3,14.4,0.0,60349,36410.0
27-09-2022,24.2,14.05,0.0,59105,35659.0
28-09-2022,25.5,15.2,0.0,58209,35118.0
29-09-2022,24.0,15.2,0.0,57860,34908.0
30-09-2022,23.15,13.05,0.0,64069,38655.0
01-10-2022,25.1,12.65,0.0,66978,38751.0
02-10-2022,27.15,16.5,0.0,65363,37817.0
03-10-2022,25.85,17.0,0.0,64627,37391.0
04-10-2022,25.55,17.3,0.0,61317,35476.0
05-10-2022,24.55,15.95,0.0,60542,35027.0
06-10-2022,24.1,17.45,0.65,61343,35491.0
07-10-2022,19.25,16.05,22.95,65809,38074.0
08-10-2022,22.1,16.95,0.0,66440,38440.0
09-10-2022,23.05,16.65,0.0,64522,37330.0
10-10-2022,23.1,17.25,0.0,61947,35840.0
11-10-2022,22.2,16.55,0.0,60292,34883.0
12-10-2022,24.25,16.3,0.0,58072,33599.0
13-10-2022,25.35,17.3,0.0,61777,35742.0
14-10-2022,25.3,16.8,0.0,66151,38273.0
15-10-2022,26.05,16.9,0.0,67254,38911.0
16-10-2022,26.4,18.2,0.0,66256,38333.0
17-10-2022,24.6,19.25,0.0,62210,35993.0
18-10-2022,25.5,18.4,0.0,60030,34731.0
19-10-2022,25.4,18.75,0.0,58414,33796.0
20-10-2022,23.9,18.95,0.0,61619,35650.0
21-10-2022,26.15,19.1,0.0,63576,36783.0
22-10-2022,26.85,17.95,0.0,67188,38872.0
23-10-2022,24.9,18.45,0.0,64299,37201.0
24-10-2022,27.35,19.15,0.0,60949,35263.0
25-10-2022,26.7,18.2,0.0,59924,34670.0
26-10-2022,27.55,18.7,0.0,58782,34009.0
27-10-2022,23.4,17.0,0.0,61474,35567.0
28-10-2022,22.85,16.75,0.0,66387,38409.0
29-10-2022,21.5,15.0,0.0,68016,39352.0
30-10-2022,23.85,15.55,0.0,59149,34222.0
31-10-2022,23.65,16.35,0.0,53659,31045.0
01-11-2022,23.45,16.45,0.0,51075,33980.0
02-11-2022,21.95,15.4,0.0,49742,33094.0
03-11-2022,22.95,15.5,0.0,52119,34675.0
04-11-2022,20.55,11.15,0.0,57751,38421.0
05-11-2022,21.25,10.7,0.0,57380,38175.0
06-11-2022,22.2,10.7,0.0,57971,38568.0
07-11-2022,21.7,12.25,0.0,51926,34547.0
08-11-2022,23.2,13.65,0.0,46679,31056.0
09-11-2022,22.35,13.75,14.5,46225,30754.0
10-11-2022,20.95,13.65,0.0,49550,32966.0
11-11-2022,20.25,13.5,0.0,55168,36703.0
12-11-2022,20.3,15.4,0.0,52805,35132.0
13-11-2022,21.4,12.4,0.0,54234,36082.0
14-11-2022,21.35,14.7,0.0,50621,33678.0
15-11-2022,20.85,15.1,0.0,45511,30278.0
16-11-2022,20.85,15.4,0.0,46074,30653.0
17-11-2022,22.85,15.7,0.0,48437,32225.0
18-11-2022,17.1,11.05,0.35,54399,36192.0
19-11-2022,16.0,8.15,0.0,52311,34803.0
20-11-2022,16.85,6.05,0.0,53176,35379.0
21-11-2022,15.1,9.6,0.25,50113,33340.0
22-11-2022,14.25,8.05,0.0,44302,29475.0
23-11-2022,22.5,10.35,0.0,45058,29977.0
24-11-2022,19.5,11.35,1.0,48011,31942.0
25-11-2022,19.8,10.3,1.65,54275,36109.0
26-11-2022,18.05,7.9,0.0,51198,34062.0
27-11-2022,17.9,8.25,0.0,52860,35168.0
28-11-2022,14.6,8.85,1.45,48849,32500.0
29-11-2022,15.2,7.45,0.0,44179,29392.0
30-11-2022,15.45,7.65,0.25,45250,30105.0
01-12-2022,13.6,7.55,0.0,41817,34533.0
02-12-2022,12.5,6.25,0.0,48269,39861.0
03-12-2022,14.9,4.7,2.0,46716,38579.0
04-12-2022,13.25,6.45,0.15,44875,37058.0
05-12-2022,13.3,6.15,0.0,42865,35398.0
06-12-2022,15.35,8.8,0.0,39386,32525.0
07-12-2022,14.8,8.7,2.5,40397,33360.0
08-12-2022,13.55,9.95,12.0,41661,34404.0
09-12-2022,18.95,11.05,0.35,43864,36223.0
10-12-2022,14.5,4.35,0.0,46428,38340.0
11-12-2022,9.45,4.2,4.0,45729,37764.0
12-12-2022,11.1,5.0,8.0,41998,34683.0
13-12-2022,15.75,8.85,3.05,38976,32187.0
14-12-2022,17.85,11.45,0.5,38808,32048.0
15-12-2022,17.2,10.7,0.75,42022,34702.0
16-12-2022,16.7,9.3,0.65,46837,38678.0
17-12-2022,13.55,8.9,0.8,45994,37983.0
18-12-2022,16.05,7.5,0.0,45392,37486.0
19-12-2022,17.3,9.3,0.0,44863,37048.0
20-12-2022,16.25,10.35,1.7,44104,36421.0
21-12-2022,16.8,9.8,0.0,45103,37247.0
22-12-2022,18.2,10.55,0.0,47330,39086.0
23-12-2022,20.65,12.15,0.0,49304,40716.0
24-12-2022,20.55,12.2,0.0,39675,32764.0
25-12-2022,19.75,12.15,0.0,30466,25159.0
26-12-2022,19.45,10.2,0.0,44947,37118.0
27-12-2022,18.45,10.25,0.0,43803,36173.0
28-12-2022,17.3,9.4,0.0,44393,36660.0
29-12-2022,17.5,8.9,0.0,45705,37744.0
30-12-2022,17.95,10.45,0.0,46801,38648.0
31-12-2022,20.95,11.7,0.0,41432,34214.0
01-01-2023,15.6,9.7,0.0,43396,28646.0
02-01-2023,14.85,8.95,0.05,48545,32045.0
03-01-2023,16.8,8.6,0.0,45534,30057.0
04-01-2023,16.9,8.3,0.0,45192,29831.0
05-01-2023,16.05,7.3,0.0,45407,29973.0
06-01-2023,15.25,5.7,0.0,46432,30650.0
07-01-2023,15.15,6.1,0.0,49140,32437.0
08-01-2023,14.9,9.5,0.1,50253,33172.0
09-01-2023,16.35,9.4,0.0,45331,29924.0
10-01-2023,15.55,6.35,0.0,39436,26032.0
11-01-2023,13.85,7.15,0.0,38411,25356.0
12-01-2023,15.05,6.6,0.0,41865,27635.0
13-01-2023,15.55,7.05,0.0,45344,29932.0
14-01-2023,17.0,6.15,0.0,44699,29506.0
15-01-2023,17.1,6.7,3.15,45635,30124.0
16-01-2023,14.75,5.45,0.0,42194,27852.0
17-01-2023,15.65,6.3,1.05,36349,23994.0
18-01-2023,11.6,4.4,0.0,37082,24478.0
19-01-2023,11.0,2.95,0.0,40157,26508.0
20-01-2023,13.85,3.95,0.0,45357,29941.0
21-01-2023,10.75,0.8,0.0,43952,29013.0
22-01-2023,10.95,0.1,0.05,45331,29924.0
23-01-2023,9.4,1.05,0.1,42333,27944.0
24-01-2023,6.85,1.65,0.6,37019,24436.0
25-01-2023,13.45,3.75,0.0,37955,25055.0
26-01-2023,10.75,1.5,0.0,41106,27134.0
27-01-2023,10.75,2.25,0.0,45913,30307.0
28-01-2023,9.0,2.1,0.0,43585,28771.0
29-01-2023,11.45,2.7,0.0,45420,29982.0
30-01-2023,12.95,1.75,0.0,42864,28295.0
31-01-2023,13.55,3.05,0.0,37335,24645.0
01-02-2023,14.25,3.9,0.0,45469,0.0
02-02-2023,16.15,4.45,0.0,48294,0.0
03-02-2023,16.8,5.8,0.0,54884,0.0
04-02-2023,21.05,7.95,0.0,53074,0.0
05-02-2023,17.0,5.95,0.45,54781,0.0
06-02-2023,9.95,5.95,4.1,51309,0.0
07-02-2023,9.6,6.25,13.5,43763,0.0
08-02-2023,9.8,6.1,0.4,45440,0.0
09-02-2023,10.4,5.2,0.0,49309,0.0
10-02-2023,12.3,4.0,0.0,56767,0.0
11-02-2023,12.85,3.75,0.0,54810,0.0
12-02-2023,13.5,3.45,0.0,56517,0.0
13-02-2023,14.15,4.1,0.0,53648,0.0
14-02-2023,14.1,4.65,0.0,48029,0.0
15-02-2023,15.35,5.5,0.0,48647,0.0
16-02-2023,15.15,6.15,0.0,53472,0.0
17-02-2023,18.1,7.05,0.0,58385,0.0
18-02-2023,17.75,8.9,0.0,59076,0.0
19-02-2023,18.4,9.3,0.0,59444,0.0
20-02-2023,17.45,8.25,0.0,56164,0.0
21-02-2023,17.4,8.7,0.0,50044,0.0
22-02-2023,15.05,8.55,0.0,50324,0.0
23-02-2023,12.6,8.6,5.85,53619,0.0
24-02-2023,12.75,5.85,0.0,59620,0.0
25-02-2023,13.5,5.8,5.0,57355,0.0
26-02-2023,12.55,1.7,21.5,59738,0.0
27-02-2023,7.25,0.15,0.6,55119,0.0
28-02-2023,13.15,3.15,0.0,49971,0.0
01-03-2023,11.0,1.35,0.0,0,30617.0
02-03-2023,11.85,3.65,0.0,0,32684.5
03-03-2023,13.8,3.75,0.0,0,36712.5
04-03-2023,14.5,4.5,0.0,0,34637.0
05-03-2023,15.8,5.05,0.0,0,35384.0
06-03-2023,13.8,7.15,0.0,0,33265.0
07-03-2023,17.8,6.95,0.0,0,29289.5
08-03-2023,21.65,9.25,0.0,0,29439.0
09-03-2023,21.95,12.9,0.85,0,31505.0
10-03-2023,23.3,12.45,0.0,0,34241.5
11-03-2023,25.4,14.15,0.0,0,34003.5
12-03-2023,19.3,12.25,0.0,0,35182.0
13-03-2023,21.1,12.2,0.0,0,33449.0
14-03-2023,21.75,10.6,0.0,0,29992.5
15-03-2023,17.9,8.7,0.0,0,30441.5
16-03-2023,18.25,8.75,0.0,0,32939.0
17-03-2023,15.6,10.9,0.0,0,35621.5
18-03-2023,18.35,10.25,0.0,0,34558.0
19-03-2023,17.9,10.25,0.0,0,35930.0
20-03-2023,17.5,9.05,0.0,0,34461.0
21-03-2023,16.95,9.45,0.0,0,31004.5
22-03-2023,18.15,9.8,0.0,0,30829.0
23-03-2023,18.55,11.35,0.0,0,32798.0
24-03-2023,24.25,10.9,0.0,0,36079.0
25-03-2023,17.9,9.75,0.0,0,35182.0
26-03-2023,25.0,10.95,0.0,0,38506.0
27-03-2023,18.7,10.15,0.35,0,36070.5
28-03-2023,16.45,10.55,0.0,0,36862.0
29-03-2023,19.15,10.75,0.0,0,37029.5
30-03-2023,18.9,10.7,0.0,0,39922.5
31-03-2023,25.4,11.7,0.0,0,41717.5
01-04-2023,23.15,9.45,0.4,60041,7446.0
02-04-2023,21.9,7.25,0.05,57662,7151.0
03-04-2023,17.95,8.9,0.0,55564,6890.0
04-04-2023,16.95,8.25,0.0,54369,6742.0
05-04-2023,18.05,7.65,0.0,56906,7057.0
06-04-2023,17.6,8.8,0.0,58162,7213.0
07-04-2023,18.75,9.15,0.0,57089,7079.0
08-04-2023,17.65,9.5,0.0,59992,7440.0
09-04-2023,18.8,10.3,0.0,58882,7302.0
10-04-2023,20.6,11.3,0.0,59297,7353.0
11-04-2023,19.05,11.55,0.0,56552,7013.0
12-04-2023,23.95,10.75,0.0,54759,6791.0
13-04-2023,20.85,9.2,0.0,57504,7131.0
14-04-2023,20.15,8.7,0.0,60017,7443.0
15-04-2023,20.8,10.35,0.0,60346,7483.0
16-04-2023,20.2,10.3,0.0,59236,7346.0
17-04-2023,18.35,9.7,0.0,56357,6989.0
18-04-2023,19.05,11.0,0.0,54747,6789.0
19-04-2023,19.6,10.1,0.0,54271,6730.0
20-04-2023,20.3,10.7,0.0,57223,7096.0
21-04-2023,19.85,12.9,0.0,58833,7296.0
22-04-2023,21.4,12.3,0.0,59150,7335.0
23-04-2023,21.55,13.75,0.25,58992,7315.0
24-04-2023,20.75,12.8,0.0,56381,6992.0
25-04-2023,21.65,13.35,0.0,55052,6827.0
26-04-2023,20.2,13.85,0.0,55393,6869.0
27-04-2023,23.95,14.05,0.0,58663,7275.0
28-04-2023,24.2,15.4,0.0,61968,7685.0
29-04-2023,23.0,15.3,5.5,60578,7512.0
30-04-2023,23.6,15.15,14.1,58980,7314.0
01-05-2023,20.3,14.25,0.0,59581,37827.0
02-05-2023,22.1,13.6,0.0,60298,38283.0
03-05-2023,22.0,13.95,0.0,58761,37306.0
04-05-2023,22.05,14.35,0.0,62246,39518.0
05-05-2023,22.85,14.5,0.0,64053,40665.0
06-05-2023,22.8,14.6,0.0,64219,40771.0
07-05-2023,22.35,15.5,0.8,63284,40177.0
08-05-2023,23.45,15.75,0.0,61964,39339.0
09-05-2023,23.3,15.25,1.0,62105,39429.0
10-05-2023,21.4,14.7,0.5,60439,38372.0
11-05-2023,19.5,12.55,0.0,61861,39275.0
12-05-2023,18.1,10.0,2.15,64040,40658.0
13-05-2023,19.75,10.65,2.55,64386,40877.0
14-05-2023,20.3,11.5,6.55,63514,40324.0
15-05-2023,23.7,13.35,2.05,61375,38965.0
16-05-2023,22.0,13.2,0.0,61464,39023.0
17-05-2023,21.7,11.25,0.0,62092,39421.0
18-05-2023,19.8,12.65,1.0,63988,40624.0
19-05-2023,20.55,12.9,2.95,63745,40470.0
20-05-2023,22.75,12.5,1.0,64744,41105.0
21-05-2023,20.55,12.8,0.5,65616,41658.0
22-05-2023,23.35,15.3,0.3,61669,39153.0
23-05-2023,24.05,14.85,0.5,61861,39275.0
24-05-2023,26.05,15.4,5.2,60170,38201.0
25-05-2023,18.4,14.1,8.95,62963,39974.0
26-05-2023,21.65,13.25,0.0,66346,42122.0
27-05-2023,25.6,17.15,0.0,67461,42829.0
28-05-2023,25.1,17.1,0.0,64719,41089.0
29-05-2023,23.7,16.5,0.0,63681,40429.0
30-05-2023,24.85,16.15,0.0,63771,40486.0
31-05-2023,25.25,17.25,3.7,62861,39909.0
01-06-2023,23.85,16.05,0.0,64697,38348.0
02-06-2023,24.0,15.8,0.0,64950,38498.0
03-06-2023,23.2,16.15,0.05,66594,39473.0
04-06-2023,24.85,16.4,0.0,65760,38979.0
05-06-2023,25.15,16.65,0.0,63269,37502.0
06-06-2023,25.45,17.35,0.0,59349,35178.0
07-06-2023,24.4,17.8,0.0,61802,36633.0
08-06-2023,25.5,18.1,0.0,63939,37899.0
09-06-2023,26.1,19.45,0.0,65633,38904.0
10-06-2023,26.55,19.4,0.0,66493,39413.0
11-06-2023,29.9,20.35,2.25,65848,39031.0
12-06-2023,28.3,19.5,1.0,62143,36835.0
13-06-2023,26.3,18.25,0.1,63699,37757.0
14-06-2023,27.8,17.3,0.0,62333,36948.0
15-06-2023,28.5,19.6,0.0,66088,39173.0
16-06-2023,28.85,20.1,0.0,68908,40845.0
17-06-2023,28.8,19.65,0.0,68655,40694.0
18-06-2023,28.45,20.95,0.0,66581,39465.0
19-06-2023,29.0,19.65,0.65,65304,38709.0
20-06-2023,29.1,20.4,0.0,65760,38979.0
21-06-2023,29.0,21.55,0.0,65039,38551.0
22-06-2023,31.5,21.0,0.0,67643,40095.0
23-06-2023,28.55,20.9,0.0,69009,40904.0
24-06-2023,29.65,20.85,0.0,69135,40979.0
25-06-2023,29.2,22.55,0.0,68769,40762.0
26-06-2023,30.45,23.1,0.0,66594,39473.0
27-06-2023,28.8,22.35,0.0,66784,39585.0
28-06-2023,29.35,22.2,0.5,65532,38843.0
29-06-2023,29.6,18.3,3.9,68099,40364.0
30-06-2023,26.65,17.75,16.85,70273,41654.0
01-07-2023,26.9,18.5,0.0,63465,39331.0
02-07-2023,27.65,20.35,0.0,63176,39151.0
03-07-2023,27.8,21.25,0.1,60828,37696.0
04-07-2023,28.25,20.95,0.5,60783,37668.0
05-07-2023,25.9,21.2,0.85,59648,36964.0
06-07-2023,29.35,20.6,0.05,62219,38558.0
07-07-2023,29.15,21.35,0.0,63933,39620.0
08-07-2023,31.1,21.65,0.0,63710,39482.0
09-07-2023,30.85,22.5,0.0,63399,39289.0
10-07-2023,30.5,22.75,0.0,61785,38289.0
11-07-2023,31.9,23.25,0.0,61062,37841.0
12-07-2023,29.4,23.4,0.0,61106,37869.0
13-07-2023,29.9,22.95,0.0,61885,38351.0
14-07-2023,30.05,22.95,0.0,62964,39020.0
15-07-2023,30.6,22.8,0.0,63376,39275.0
16-07-2023,29.7,23.35,0.0,62942,39006.0
17-07-2023,30.45,23.1,0.0,61273,37972.0
18-07-2023,32.45,22.6,0.0,61284,37979.0
19-07-2023,32.65,24.3,0.0,60583,37544.0
20-07-2023,30.8,23.6,0.0,62664,38834.0
21-07-2023,29.2,23.6,0.0,63076,39089.0
22-07-2023,29.5,22.85,0.0,64756,40130.0
23-07-2023,30.8,22.5,0.05,62976,39027.0
24-07-2023,30.7,23.55,0.0,61117,37875.0
25-07-2023,32.1,21.2,1.9,60973,37786.0
26-07-2023,25.65,20.6,0.0,60772,37662.0
27-07-2023,28.6,20.6,1.0,62063,38462.0
28-07-2023,29.85,20.3,0.0,63654,39447.0
29-07-2023,30.3,22.45,0.0,64344,39875.0
30-07-2023,31.35,23.25,0.0,63788,39530.0
31-07-2023,28.35,22.65,0.1,61807,38302.0
01-08-2023,32.7,23.7,0.0,69861,43538.0
02-08-2023,30.85,23.15,0.0,68262,42541.0
03-08-2023,26.9,20.65,10.75,69874,43546.0
04-08-2023,27.95,17.15,0.0,70479,43923.0
05-08-2023,28.3,18.25,0.0,72821,45383.0
06-08-2023,25.75,20.7,0.1,71272,44417.0
07-08-2023,26.3,20.9,0.1,69458,43287.0
08-08-2023,28.3,20.95,0.0,68602,42753.0
09-08-2023,29.55,21.45,0.0,67204,41882.0
10-08-2023,31.4,23.2,0.0,69358,43224.0
11-08-2023,31.9,23.4,0.0,71146,44339.0
12-08-2023,30.25,23.0,0.0,73123,45571.0
13-08-2023,30.6,22.6,0.0,70113,43695.0
14-08-2023,31.8,22.4,0.25,68086,42431.0
15-08-2023,31.3,22.75,0.0,67418,42015.0
16-08-2023,29.45,22.8,0.0,66574,41490.0
17-08-2023,31.3,22.8,0.0,69018,43012.0
18-08-2023,30.35,22.25,0.0,69395,43248.0
19-08-2023,31.05,23.4,0.0,71637,44644.0
20-08-2023,34.6,25.0,0.0,70605,44001.0
21-08-2023,35.5,26.95,0.0,68338,42589.0
22-08-2023,34.2,26.5,0.0,67695,42188.0
23-08-2023,36.95,28.05,0.0,66675,41552.0
24-08-2023,34.0,26.0,0.0,68841,42902.0
25-08-2023,32.3,24.75,0.0,70063,43663.0
26-08-2023,30.1,21.0,16.45,70756,44095.0
27-08-2023,26.05,16.35,20.85,65592,40877.0
28-08-2023,29.8,15.95,0.0,65617,40893.0
29-08-2023,26.9,17.25,3.5,69005,43005.0
30-08-2023,24.8,17.7,1.95,68678,42800.0
31-08-2023,28.15,19.0,0.0,69698,43436.0
01-09-2023,28.25,20.05,0.0,75619,49958.0
02-09-2023,25.2,21.55,0.0,75388,49806.0
03-09-2023,28.45,21.35,0.0,74873,49466.0
04-09-2023,30.4,23.25,0.0,72241,47726.0
05-09-2023,29.1,21.75,0.0,71861,47476.0
06-09-2023,28.6,20.5,0.0,71725,47386.0
07-09-2023,27.5,18.6,0.0,73842,48784.0
08-09-2023,27.9,19.05,0.0,74276,49071.0
09-09-2023,27.6,18.45,0.0,74615,49295.0
10-09-2023,27.6,19.0,0.1,75239,49708.0
11-09-2023,27.95,19.8,0.0,71088,46965.0
12-09-2023,28.5,20.75,0.0,70667,46687.0
13-09-2023,28.95,20.6,0.0,70355,46480.0
14-09-2023,28.15,20.1,0.0,73041,48256.0
15-09-2023,25.6,18.45,29.4,72946,48193.0
16-09-2023,27.4,18.75,0.0,73394,48488.0
17-09-2023,28.5,21.0,0.6,73530,48578.0
18-09-2023,28.75,21.8,0.0,70898,46839.0
19-09-2023,25.65,19.2,14.5,70206,46383.0
20-09-2023,23.3,17.4,0.0,71155,47010.0
21-09-2023,26.9,18.55,0.0,72146,47664.0
22-09-2023,26.15,17.5,0.0,75158,49654.0
23-09-2023,24.3,14.75,0.0,73163,48337.0
24-09-2023,25.6,16.0,0.0,73421,48506.0
25-09-2023,25.05,17.2,0.0,70314,46454.0
26-09-2023,25.85,17.6,0.0,69745,46077.0
27-09-2023,26.9,18.55,0.0,70708,46714.0
28-09-2023,26.8,18.85,0.0,72132,47655.0
29-09-2023,28.4,20.0,0.0,74344,49116.0
30-09-2023,29.5,20.8,0.0,74194,49018.0
01-10-2023,27.15,19.35,0.0,66804,42237.0
02-10-2023,26.65,19.3,0.0,63784,40327.0
03-10-2023,26.75,18.85,0.0,62958,39805.0
04-10-2023,27.3,20.45,0.0,62835,39727.0
05-10-2023,26.2,20.05,0.0,64597,40841.0
06-10-2023,26.95,19.25,0.0,66681,42159.0
07-10-2023,26.75,19.15,0.0,66422,41995.0
08-10-2023,26.95,18.6,0.0,65596,41473.0
09-10-2023,26.4,18.55,0.0,62489,39508.0
10-10-2023,26.7,17.85,0.0,61232,38714.0
11-10-2023,26.15,17.45,0.0,61861,39112.0
12-10-2023,25.8,17.5,0.0,62230,39345.0
13-10-2023,25.8,17.75,0.0,62933,39790.0
14-10-2023,25.95,18.35,4.0,65966,41707.0
15-10-2023,20.6,18.0,35.25,65584,41465.0
16-10-2023,19.9,16.4,5.3,62415,39462.0
17-10-2023,24.4,16.25,2.0,60418,38199.0
18-10-2023,26.75,19.25,3.0,60036,37958.0
19-10-2023,24.2,15.4,5.95,62428,39470.0
20-10-2023,22.4,15.0,0.0,65682,41527.0
21-10-2023,20.3,13.3,0.0,66558,42081.0
22-10-2023,21.4,11.45,0.5,64955,41067.0
23-10-2023,24.0,16.95,10.35,61121,38644.0
24-10-2023,21.8,14.4,0.0,60640,38340.0
25-10-2023,23.05,14.35,0.0,60677,38363.0
26-10-2023,24.2,18.25,0.0,62896,39766.0
27-10-2023,22.5,15.0,0.0,66841,42260.0
28-10-2023,22.85,13.6,0.0,66360,41956.0
29-10-2023,22.0,14.35,0.0,61972,39181.0
30-10-2023,22.15,13.45,0.6,57016,36048.0
31-10-2023,18.6,11.05,0.0,53416,33772.0
01-11-2023,20.4,11.05,0.0,66188,42647.0
02-11-2023,20.05,11.45,0.7,68569,44181.0
03-11-2023,18.05,10.1,0.0,75499,48647.0
04-11-2023,19.95,10.9,0.1,73705,47490.0
05-11-2023,20.25,12.6,0.0,75695,48773.0
06-11-2023,19.7,10.45,0.0,70216,45242.0
07-11-2023,17.6,8.25,0.0,58703,37825.0
08-11-2023,17.25,7.7,0.85,58948,37982.0
09-11-2023,16.0,9.85,0.1,63302,40787.0
10-11-2023,19.25,11.65,0.0,71080,45800.0
11-11-2023,17.35,11.75,0.05,66514,42858.0
12-11-2023,22.15,14.25,0.0,70917,45694.0
13-11-2023,23.6,13.4,0.0,66433,42805.0
14-11-2023,24.85,14.85,0.0,58149,37467.0
15-11-2023,18.2,14.1,0.0,58785,37878.0
16-11-2023,19.85,13.75,0.0,64345,41460.0
17-11-2023,18.6,12.8,0.0,71064,45789.0
18-11-2023,19.9,12.05,0.0,66710,42984.0
19-11-2023,19.55,11.9,0.0,70509,45432.0
20-11-2023,19.2,10.45,0.3,65128,41964.0
21-11-2023,17.9,10.85,0.1,57236,36879.0
22-11-2023,18.7,8.75,0.0,57366,36963.0
23-11-2023,16.75,6.85,0.0,62470,40252.0
24-11-2023,19.85,8.45,0.0,69808,44980.0
25-11-2023,16.6,9.6,0.0,65340,42101.0
26-11-2023,14.0,9.25,0.0,70542,45453.0
27-11-2023,14.45,8.4,0.0,64786,41743.0
28-11-2023,18.15,9.9,0.1,56160,36186.0
29-11-2023,14.85,10.35,0.25,57252,36889.0
30-11-2023,21.85,11.6,0.5,62307,40146.0
01-12-2023,18.25,8.85,0.5,56934,37264.0
02-12-2023,15.55,7.25,0.55,52908,34629.0
03-12-2023,13.95,5.35,0.5,55300,36195.0
04-12-2023,15.35,7.7,0.2,51739,33864.0
05-12-2023,12.7,6.6,0.0,48338,31638.0
06-12-2023,14.75,6.75,0.0,48418,31690.0
07-12-2023,15.8,5.3,1.15,48750,31908.0
08-12-2023,15.5,8.9,0.0,52324,34247.0
09-12-2023,16.85,7.65,0.0,53533,35038.0
10-12-2023,18.9,10.7,0.0,58436,38247.0
11-12-2023,19.0,11.25,0.0,52908,34629.0
12-12-2023,17.2,11.0,0.0,46358,30342.0
13-12-2023,16.35,8.1,0.0,47129,30847.0
14-12-2023,17.7,7.4,0.0,51221,33525.0
15-12-2023,17.4,8.75,0.0,57506,37638.0
16-12-2023,15.3,6.45,0.0,55127,36081.0
17-12-2023,13.0,5.15,0.0,56509,36986.0
18-12-2023,15.1,4.95,0.0,54237,35499.0
19-12-2023,17.85,7.1,0.0,52922,34638.0
20-12-2023,14.3,5.45,0.0,53958,35317.0
21-12-2023,16.15,6.7,0.0,56988,37299.0
22-12-2023,19.1,10.3,0.0,60296,39465.0
23-12-2023,15.4,7.65,0.0,58954,38587.0
24-12-2023,15.45,5.95,0.0,46185,30229.0
25-12-2023,16.45,6.75,0.0,35038,22933.0
26-12-2023,17.3,8.0,0.0,50969,33360.0
27-12-2023,17.9,6.8,0.0,53998,35342.0
28-12-2023,14.35,5.8,0.0,55978,36638.0
29-12-2023,14.0,7.2,0.0,59127,38699.0
30-12-2023,16.35,6.0,0.0,57187,37429.0
31-12-2023,16.65,7.35,0.0,49534,32420.0
